Material composition,GGA Band gap (eV),Stability (meV/atom),Formation energy (eV/atom)
Cs8Br24Bi4Ag4,1.611,0.000,-0.966
Cs8Au4Bi4Br24,0.609,53.761,-0.867
Cs8Br24Bi4Cu4,0.820,16.494,-0.919
Cs8Tl4Bi4Br24,2.099,0.000,-1.060
Cs8Sb4Br24Ag4,1.201,7.618,-0.901
Cs8Sb4Au4Br24,0.019,70.062,-0.807
Cs8Br24Bi4Ag4,1.616,0.000,-0.966
Cs8Sb4Tl4Br24,1.673,12.813,-0.995
Cs8Bi4Ag4Cl24,2.102,0.000,-1.109
Cs8Au4Bi4Cl24,1.102,31.290,-0.995
Cs8Bi4Cu4Cl24,1.121,0.000,-1.069
Cs8Tl4Bi4Cl24,2.532,0.000,-1.208
Cs8Sb4Ag4Cl24,1.675,0.000,-1.042
Cs8Sb4Au4Cl24,0.588,86.765,-0.925
Cs8Sb4Cu4Cl24,0.910,35.364,-1.001
Cs8Sb4Tl4Cl24,2.020,8.706,-1.140
Cs8I24Bi4Ag4,1.113,13.124,-0.756
Cs8I24Au4Bi4,0.046,48.517,-0.687
Cs8I24Bi4Cu4,0.713,37.990,-0.706
Cs8I24Tl4Bi4,1.763,6.879,-0.839
Cs8Sb4I24Ag4,0.759,28.277,-0.697
Cs8Sb4Au4I24,0.596,57.722,-0.634
Cs8Sb4I24Cu4,0.481,51.908,-0.648
Cs8Sb4Tl4I24,1.402,22.338,-0.780
K8Br24Bi4Ag4,2.016,0.000,-0.906
K8Au4Bi4Br24,1.761,37.743,-0.814
K8Br24Bi4Cu4,0.880,30.258,-0.841
K8Br24Bi4Tl4,2.206,16.965,-0.979
Sb4K8Br24Ag4,1.185,9.366,-0.817
Sb4K8Au4Br24,1.269,37.431,-0.748
Sb4K8Br24Cu4,0.620,24.466,-0.781
Sb4K8Tl4Br24,1.747,18.409,-0.911
K8Bi4Ag4Cl24,2.441,0.000,-1.054
K8Au4Bi4Cl24,2.162,20.275,-0.934
K8Bi4Cu4Cl24,1.149,0.000,-1.002
K8Bi4Tl4Cl24,2.981,0.000,-1.160
Sb4K8Ag4Cl24,1.975,3.403,-0.984
Sb4K8Au4Cl24,1.784,83.380,-0.866
Sb4K8Cu4Cl24,0.912,35.622,-0.941
Sb4K8Tl4Cl24,2.468,17.184,-1.088
I24K8Bi4Ag4,1.533,29.487,-0.686
I24K8Au4Bi4,1.383,50.733,-0.631
I24K8Bi4Cu4,1.612,21.643,-0.669
I24K8Bi4Tl4,1.846,39.032,-0.756
I24Sb4K8Ag4,1.272,34.548,-0.632
I24Sb4K8Au4,0.964,62.485,-0.570
I24Sb4K8Cu4,1.322,53.333,-0.588
I24Sb4K8Tl4,1.631,26.878,-0.719
Ag4Br24Bi4Rb8,1.600,4.301,-0.915
Br24Au4Bi4Rb8,0.614,62.468,-0.817
Cu4Bi4Rb8Br24,0.885,20.832,-0.877
Tl4Br24Bi4Rb8,2.389,0.000,-1.028
Sb4Br24Ag4Rb8,1.172,13.060,-0.853
Sb4Au4Br24Rb8,0.023,69.619,-0.760
Sb4Br24Cu4Rb8,0.616,33.325,-0.815
Sb4Tl4Br24Rb8,1.927,8.024,-0.959
Ag4Bi4Rb8Cl24,2.085,0.000,-1.063
Au4Bi4Rb8Cl24,0.950,15.324,-0.942
Cu4Bi4Rb8Cl24,1.140,0.000,-1.034
Tl4Bi4Rb8Cl24,2.638,0.000,-1.159
Sb4Ag4Rb8Cl24,1.632,0.000,-0.999
Sb4Au4Rb8Cl24,0.581,48.626,-0.883
Sb4Cu4Rb8Cl24,0.912,0.000,-0.970
Sb4Tl4Rb8Cl24,2.096,0.000,-1.090
I24Ag4Bi4Rb8,1.114,32.149,-0.700
I24Au4Bi4Rb8,0.042,65.201,-0.632
I24Cu4Bi4Rb8,0.695,52.081,-0.654
I24Tl4Bi4Rb8,1.953,4.169,-0.807
I24Sb4Ag4Rb8,0.735,32.619,-0.644
I24Sb4Au4Rb8,0.618,57.547,-0.582
I24Sb4Cu4Rb8,0.342,52.969,-0.595
I24Sb4Tl4Rb8,1.438,27.163,-0.726
C16Ag4H64Bi4N8Br24,2.645,83.886,-0.042
C16H64Bi4N8Au4Br24,2.810,83.794,-0.028
C16H64Bi4N8Br24Cu4,2.465,82.695,-0.035
C16H64Bi4N8Tl4Br24,2.622,82.955,-0.077
C16Ag4H64N8Br24Sb4,2.480,83.568,-0.020
C16H64N8Au4Br24Sb4,2.619,81.591,-0.009
C16H64N8Br24Sb4Cu4,2.322,82.311,-0.014
C16H64N8Tl4Br24Sb4,2.159,85.426,-0.053
C16Ag4Cl24H64Bi4N8,3.152,68.072,-0.086
C16Cl24H64Bi4N8Au4,3.288,68.575,-0.073
C16Cl24H64Bi4N8Cu4,2.826,64.025,-0.087
C16Cl24H64Bi4N8Tl4,3.170,73.807,-0.124
C16Ag4Cl24H64N8Sb4,3.000,79.880,-0.066
C16Cl24H64N8Au4Sb4,3.245,77.809,-0.056
C16Cl24H64N8Sb4Cu4,2.713,75.950,-0.066
C16Cl24H64N8Tl4Sb4,2.713,84.705,-0.100
C16Ag4I24H64Bi4N8,2.112,84.162,0.019
C16I24H64Bi4N8Au4,2.309,84.552,0.031
C16I24H64Bi4N8Cu4,1.380,89.260,0.033
C16I24H64Bi4N8Tl4,2.044,85.149,-0.006
C16Ag4I24H64N8Sb4,1.990,89.558,0.041
C16I24H64N8Au4Sb4,2.097,88.637,0.052
C16I24H64N8Sb4Cu4,1.319,94.383,0.054
C16I24H64N8Tl4Sb4,1.760,90.537,0.016
C8Ag4H48Bi4N8Br24,2.404,61.566,-0.096
C8H48Bi4N8Au4Br24,1.777,80.572,-0.060
C8H48Bi4N8Br24Cu4,1.590,61.487,-0.086
C8H48Bi4N8Tl4Br24,2.192,60.964,-0.139
C8Ag4H48N8Br24Sb4,2.107,61.412,-0.068
C8H48N8Au4Br24Sb4,1.555,82.238,-0.030
C8H48N8Br24Sb4Cu4,1.292,69.738,-0.050
C8H48N8Tl4Br24Sb4,1.748,62.578,-0.110
C8Ag4Cl24H48Bi4N8,2.738,41.485,-0.151
C8Cl24H48Bi4N8Au4,1.906,64.832,-0.113
C8Cl24H48Bi4N8Cu4,2.705,42.588,-0.146
C8Cl24H48Bi4N8Tl4,2.702,47.183,-0.201
C8Ag4Cl24H48N8Sb4,2.304,60.837,-0.121
C8Cl24H48N8Au4Sb4,2.872,62.348,-0.104
C8Cl24H48N8Sb4Cu4,2.557,56.786,-0.121
C8Cl24H48N8Tl4Sb4,2.209,61.597,-0.170
C8Ag4I24H48Bi4N8,1.172,78.193,-0.003
C8I24H48Bi4N8Au4,1.546,76.635,0.010
C8I24H48Bi4N8Cu4,1.439,67.923,-0.003
C8I24H48Bi4N8Tl4,1.791,65.824,-0.048
C8Ag4I24H48N8Sb4,1.762,72.933,0.012
C8I24H48N8Au4Sb4,1.382,81.249,0.035
C8I24H48N8Sb4Cu4,1.327,73.669,0.024
C8I24H48N8Tl4Sb4,1.440,71.802,-0.022
C24Ag4H80Bi4N8Br24,2.653,104.814,0.000
C24H80Bi4N8Au4Br24,2.804,100.780,0.007
C24H80Bi4N8Br24Cu4,2.408,100.925,0.003
C24H80Bi4N8Tl4Br24,2.707,102.597,-0.031
C24Ag4H80N8Br24Sb4,2.488,101.131,0.015
C24H80N8Au4Br24Sb4,2.747,97.207,0.022
C24H80N8Br24Sb4Cu4,2.283,99.039,0.019
C24H80N8Tl4Br24Sb4,2.322,103.131,-0.012
C24Ag4Cl24H80Bi4N8,3.687,87.595,-0.041
C24Cl24H80Bi4N8Au4,3.316,86.261,-0.032
C24Cl24H80Bi4N8Cu4,2.783,84.794,-0.041
C24Cl24H80Bi4N8Tl4,3.221,95.021,-0.070
C24Ag4Cl24H80N8Sb4,3.492,96.284,-0.025
C24Cl24H80N8Au4Sb4,3.269,94.365,-0.017
C24Cl24H80N8Sb4Cu4,2.579,93.181,-0.025
C24Cl24H80N8Tl4Sb4,2.901,101.243,-0.053
C24Ag4I24H80Bi4N8,2.050,105.098,0.051
C24I24H80Bi4N8Au4,2.334,99.432,0.055
C24I24H80Bi4N8Cu4,1.361,109.267,0.062
C24I24H80Bi4N8Tl4,,101.317,0.025
C24Ag4I24H80N8Sb4,1.970,107.671,0.067
C24I24H80N8Au4Sb4,2.207,104.101,0.073
C24I24H80N8Sb4Cu4,1.294,111.338,0.078
C24I24H80N8Tl4Sb4,,106.468,0.044
C16Ag4H64Bi4N8Br24,2.474,110.664,-0.015
C16H64Bi4N8Au4Br24,2.785,107.825,-0.004
C16H64Bi4N8Br24Cu4,2.606,106.348,-0.012
C16H64Bi4N8Tl4Br24,2.336,112.264,-0.048
C16Ag4H64N8Br24Sb4,2.227,112.012,0.008
C16H64N8Au4Br24Sb4,2.574,105.742,0.016
C16H64N8Br24Sb4Cu4,2.426,106.067,0.010
C16H64N8Tl4Br24Sb4,1.931,113.267,-0.025
C16Ag4Cl24H64Bi4N8,2.908,94.095,-0.060
C16Cl24H64Bi4N8Au4,3.301,91.375,-0.051
C16Cl24H64Bi4N8Cu4,2.941,88.185,-0.062
C16Cl24H64Bi4N8Tl4,2.806,104.183,-0.094
C16Ag4Cl24H64N8Sb4,2.925,107.110,-0.039
C16Cl24H64N8Au4Sb4,3.108,103.316,-0.030
C16Cl24H64N8Sb4Cu4,2.781,100.363,-0.042
C16Cl24H64N8Tl4Sb4,2.372,113.895,-0.071
C16Ag4I24H64Bi4N8,1.060,123.606,0.059
C16I24H64Bi4N8Au4,1.375,120.666,0.067
C16I24H64Bi4N8Cu4,1.402,118.185,0.062
C16I24H64Bi4N8Tl4,1.918,113.389,0.022
C16Ag4I24H64N8Sb4,1.493,122.712,0.074
C16I24H64N8Au4Sb4,,,
C16I24H64N8Sb4Cu4,1.334,119.689,0.080
C16I24H64N8Tl4Sb4,1.637,118.499,0.044
C24Ag4H80Bi4N8Br24,,143.544,0.039
C24H80Bi4N8Au4Br24,,146.201,0.053
C24H80Bi4N8Br24Cu4,,146.952,0.049
C24H80Bi4N8Tl4Br24,,144.993,0.012
C24Ag4H80N8Br24Sb4,,139.284,0.053
C24H80N8Au4Br24Sb4,,144.012,0.069
C24H80N8Br24Sb4Cu4,1.513,141.827,0.062
C24H80N8Tl4Br24Sb4,2.390,148.755,0.034
C24Ag4Cl24H80Bi4N8,3.205,130.184,0.002
C24Cl24H80Bi4N8Au4,3.277,133.293,0.015
C24Cl24H80Bi4N8Cu4,1.696,135.904,0.010
C24Cl24H80Bi4N8Tl4,3.283,139.231,-0.026
C24Ag4Cl24H80N8Sb4,2.984,138.455,0.017
C24Cl24H80N8Au4Sb4,3.219,142.020,0.031
C24Cl24H80N8Sb4Cu4,2.819,137.367,0.019
C24Cl24H80N8Tl4Sb4,3.060,145.021,-0.009
C24Ag4I24H80Bi4N8,2.086,146.455,0.092
C24I24H80Bi4N8Au4,2.189,144.249,0.100
C24I24H80Bi4N8Cu4,1.359,149.726,0.103
C24I24H80Bi4N8Tl4,2.185,145.310,0.069
C24Ag4I24H80N8Sb4,2.047,147.068,0.107
C24I24H80N8Au4Sb4,2.095,146.370,0.115
C24I24H80N8Sb4Cu4,1.313,149.729,0.116
C24I24H80N8Tl4Sb4,1.897,150.199,0.088
C8Ag4H40Bi4N16Br24,1.551,77.677,-0.084
C8H40Bi4N16Au4Br24,1.422,101.525,-0.052
C8H40Bi4N16Br24Cu4,1.659,71.765,-0.085
C8H40Bi4N16Tl4Br24,2.173,68.915,-0.131
C8Ag4H40N16Br24Sb4,1.093,79.905,-0.054
C8H40N16Au4Br24Sb4,1.178,96.182,-0.030
C8H40N16Br24Sb4Cu4,1.587,74.985,-0.054
C8H40N16Tl4Br24Sb4,1.760,73.343,-0.102
C8Ag4Cl24H40Bi4N16,1.948,55.655,-0.146
C8Cl24H40Bi4N16Au4,2.915,66.727,-0.127
C8Cl24H40Bi4N16Cu4,1.864,51.931,-0.148
C8Cl24H40Bi4N16Tl4,2.671,60.640,-0.188
C8Ag4Cl24H40N16Sb4,1.502,76.198,-0.115
C8Cl24H40N16Au4Sb4,2.044,88.470,-0.094
C8Cl24H40N16Sb4Cu4,1.764,68.561,-0.120
C8Cl24H40N16Tl4Sb4,2.155,76.178,-0.158
C8Ag4I24H40Bi4N16,1.972,62.805,-0.018
C8I24H40Bi4N16Au4,2.195,65.044,-0.005
C8I24H40Bi4N16Cu4,1.458,71.014,-0.001
C8I24H40Bi4N16Tl4,1.765,68.015,-0.046
C8Ag4I24H40N16Sb4,1.635,71.785,0.011
C8I24H40N16Au4Sb4,1.947,69.460,0.020
C8I24H40N16Sb4Cu4,1.415,74.523,0.023
C8I24H40N16Tl4Sb4,1.422,74.430,-0.019
Cs7Na1Co8I24,1.474,0.000,-0.569
I24Na8Co8,1.464,9.655,-0.456
Cs4Na4Co8I24,1.570,13.831,-0.510
Cs6Na2Co8I24,1.494,0.148,-0.553
Cs2Na6Co8I24,1.130,14.505,-0.480
Cs7I24Co8Rb1,1.473,3.522,-0.576
I24Co8Rb8,1.483,26.950,-0.535
Cs4I24Co8Rb4,1.481,8.941,-0.563
Cs6I24Co8Rb2,1.494,1.874,-0.575
Cs2I24Co8Rb6,1.490,18.410,-0.548
Cs8I21Co8Br3,1.581,0.000,-0.629
Cs8Co8Br24,2.206,0.000,-0.838
Cs8I12Co8Br12,,,
Cs8I18Co8Br6,-0.246,218.300,-0.420
Cs8I6Co8Br18,,,
Cs8I21Co8Cl3,1.720,0.344,-0.627
Cs8Co8Cl24,1.893,0.000,-0.975
Cs8I12Co8Cl12,,,
Cs8I18Co8Cl6,,,
Cs8I6Co8Cl18,1.934,0.000,-0.935
Cs7Na1I24Fe8,-165.764,,
I24Na8Fe8,1.344,27.782,-0.438
Cs4Na4I24Fe8,2.484,0.000,-0.574
Cs6Na2I24Fe8,,,
Cs2Na6I24Fe8,2.658,0.000,-0.528
Cs7I24Fe8Rb1,1.185,4.636,-0.625
I24Fe8Rb8,0.996,0.000,-0.585
Cs4I24Fe8Rb4,,,
Cs6I24Fe8Rb2,0.882,9.160,-0.618
Cs2I24Fe8Rb6,1.053,0.000,-0.593
Cs8I21Fe8Br3,0.952,0.000,-0.665
Cs8Fe8Br24,2.325,252.256,-0.535
Cs8I12Fe8Br12,1.415,0.000,-0.776
Cs8I18Fe8Br6,1.145,0.000,-0.704
Cs8I6Fe8Br18,1.320,0.000,-0.847
Cs8I21Fe8Cl3,0.995,0.000,-0.687
Cs8Fe8Cl24,3.082,0.000,-1.145
Cs8I12Fe8Cl12,1.334,0.000,-0.859
Cs8I18Fe8Cl6,1.197,0.000,-0.746
Cs8I6Fe8Cl18,,,
Cs7Na1Mn8I24,0.916,0.000,-0.795
I24Na8Mn8,0.815,54.296,-0.595
Cs4Na4Mn8I24,1.058,7.551,-0.710
Cs6Na2Mn8I24,0.928,0.000,-0.766
Cs2Na6Mn8I24,1.985,0.000,-0.715
Cs7I24Mn8Rb1,0.927,0.000,-0.818
I24Mn8Rb8,0.929,0.000,-0.772
Cs4I24Mn8Rb4,0.931,0.000,-0.798
Cs6I24Mn8Rb2,0.928,0.000,-0.812
Cs2I24Mn8Rb6,0.933,0.000,-0.785
Cs8I24Mn7Co1,0.924,0.000,-0.783
Cs8I24Co8,1.476,0.000,-0.582
Cs8I24Mn4Co4,0.983,28.212,-0.666
Cs8I24Mn6Co2,0.930,0.000,-0.741
Cs8I24Mn2Co6,,,
Cs8I24Mn7Fe1,0.915,0.000,-0.801
Cs8I24Fe8,1.285,0.000,-0.636
Cs8I24Mn4Fe4,,,
Cs8I24Mn6Fe2,,,
Cs8I24Mn2Fe6,0.976,0.739,-0.675
Cs8I21Mn8Br3,0.961,0.000,-0.857
Cs8Mn8Br24,1.849,0.000,-1.126
Cs8I12Mn8Br12,1.094,0.000,-0.962
Cs8I18Mn8Br6,,,
Cs8I6Mn8Br18,1.301,0.000,-1.040
Cs8I21Mn8Cl3,1.013,0.000,-0.875
Cs8Mn8Cl24,2.742,0.000,-1.337
Cs8I12Mn8Cl12,1.264,0.000,-1.048
Cs8I18Mn8Cl6,,,
Cs8I6Mn8Cl18,1.616,0.000,-1.178
I21Na8Co8Br3,1.618,39.301,-0.465
Na8Co8Br24,1.569,0.000,-0.650
I12Na8Co8Br12,1.449,34.589,-0.543
I18Na8Co8Br6,1.520,63.123,-0.479
I6Na8Co8Br18,1.850,0.000,-0.621
I21Na8Co8Cl3,1.269,66.534,-0.464
Na8Co8Cl24,2.601,0.000,-0.921
I12Na8Co8Cl12,1.487,29.540,-0.655
I18Na8Co8Cl6,1.385,58.858,-0.537
I6Na8Co8Cl18,1.277,18.886,-0.730
I21Na8Fe8Br3,2.517,0.000,-0.524
Na8Fe8Br24,2.708,0.000,-0.766
I12Na8Fe8Br12,2.344,0.000,-0.621
I18Na8Fe8Br6,2.562,0.000,-0.564
I6Na8Fe8Br18,1.830,0.000,-0.671
I21Na8Fe8Cl3,2.582,0.000,-0.552
Na8Fe8Cl24,3.113,0.000,-0.959
I12Na8Fe8Cl12,2.148,0.000,-0.717
I18Na8Fe8Cl6,2.672,0.000,-0.639
I6Na8Fe8Cl18,2.164,0.000,-0.818
I24Na8Mn7Co1,1.454,0.000,-0.645
I24Na8Co8,1.458,9.343,-0.457
I24Na8Mn4Co4,1.665,0.978,-0.557
I24Na8Mn6Co2,1.830,0.000,-0.644
I24Na8Mn2Co6,1.433,37.348,-0.474
I24Na8Mn7Fe1,1.836,2.411,-0.624
I24Na8Fe8,1.344,27.789,-0.438
I24Na8Mn4Fe4,2.510,0.000,-0.598
I24Na8Mn6Fe2,2.217,0.000,-0.637
I24Na8Mn2Fe6,2.759,0.000,-0.586
I21Na8Mn8Br3,1.647,15.011,-0.673
Na8Mn8Br24,1.794,12.243,-0.911
I12Na8Mn8Br12,2.218,0.000,-0.827
I18Na8Mn8Br6,2.934,0.000,-0.750
I6Na8Mn8Br18,2.317,0.000,-0.906
I21Na8Mn8Cl3,2.978,0.000,-0.739
Na8Mn8Cl24,3.520,0.000,-1.218
I12Na8Mn8Cl12,2.331,4.400,-0.898
I18Na8Mn8Cl6,2.938,0.000,-0.791
I6Na8Mn8Cl18,2.570,0.000,-1.055
Cs8I24Mn8,0.633,0.000,-0.878
I21Co8Br3Rb8,1.381,7.676,-0.584
Co8Br24Rb8,1.451,0.000,-0.741
I12Co8Br12Rb8,1.739,0.000,-0.698
I18Co8Br6Rb8,1.433,7.123,-0.615
I6Co8Br18Rb8,1.764,0.000,-0.747
I21Co8Rb8Cl3,1.467,37.344,-0.574
Co8Rb8Cl24,1.933,0.000,-0.959
I12Co8Rb8Cl12,1.528,0.000,-0.760
I18Co8Rb8Cl6,1.273,7.066,-0.654
I6Co8Rb8Cl18,1.849,0.000,-0.899
I21Br3Fe8Rb8,1.010,0.000,-0.617
Br24Fe8Rb8,2.080,0.000,-0.898
I12Br12Fe8Rb8,1.180,0.000,-0.729
I18Br6Fe8Rb8,1.100,190.246,-0.432
I6Br18Fe8Rb8,1.566,0.000,-0.810
I21Fe8Rb8Cl3,1.168,0.000,-0.645
Fe8Rb8Cl24,3.091,0.000,-1.125
I12Fe8Rb8Cl12,1.930,0.000,-0.841
I18Fe8Rb8Cl6,1.888,0.000,-0.717
I6Fe8Rb8Cl18,2.013,0.000,-0.963
I24Mn7Co1Rb8,0.914,0.000,-0.731
I24Co8Rb8,1.483,26.950,-0.535
I24Mn4Co4Rb8,0.928,44.065,-0.609
I24Mn6Co2Rb8,0.939,8.993,-0.690
I24Mn2Co6Rb8,,,
I24Mn7Fe1Rb8,0.908,0.000,-0.748
I24Fe8Rb8,0.865,11.581,-0.550
I24Mn4Fe4Rb8,0.878,0.000,-0.677
I24Mn6Fe2Rb8,0.905,0.000,-0.723
I24Mn2Fe6Rb8,1.501,0.000,-0.643
I21Mn8Br3Rb8,0.960,0.000,-0.806
Mn8Br24Rb8,1.878,0.000,-1.085
I12Mn8Br12Rb8,1.560,0.000,-0.927
I18Mn8Br6Rb8,0.965,0.000,-0.843
I6Mn8Br18Rb8,1.334,0.000,-0.998
I21Mn8Rb8Cl3,1.376,0.000,-0.837
Mn8Rb8Cl24,2.772,0.000,-1.309
I12Mn8Rb8Cl12,1.723,0.000,-1.017
I18Mn8Rb8Cl6,1.619,0.000,-0.902
I6Mn8Rb8Cl18,1.686,0.000,-1.145
H7C3Ba1Br3,3.614,187.337,-0.242
H7C3Ba1Cl3,4.699,179.520,-0.313
H7C3Ba1F3,5.629,262.227,-0.674
I3H7C3Ba1,2.798,203.270,-0.150
Be1C3Br3H7,3.833,180.344,0.003
Be1C3Cl3H7,5.305,191.723,-0.059
Be1C3F3H7,5.880,294.222,-0.487
I3Be1C3H7,2.680,201.128,0.109
H7Ca1C3Br3,3.739,191.084,-0.201
H7Ca1C3Cl3,4.741,181.579,-0.276
H7Ca1C3F3,5.303,275.766,-0.649
I3H7Ca1C3,2.663,216.352,-0.104
H7C3Br3Cd1,2.483,178.098,0.035
H7C3Cl3Cd1,3.084,169.448,-0.008
H7C3F3Cd1,3.952,236.422,-0.315
I3H7C3Cd1,1.939,190.368,0.096
H7C3Co1Br3,1.746,157.948,0.144
H7C3Co1Cl3,2.192,140.041,0.081
H7C3Co1F3,0.152,2372.928,1.846
I3H7C3Co1,1.063,181.235,0.181
H7C3Br3Cu1,0.001,212.951,0.194
H7C3Cu1Cl3,0.016,216.402,0.167
H7C3Cu1F3,1.923,660.498,0.232
I3H7C3Cu1,0.003,246.026,0.240
H7C3Fe1Br3,3.025,112.928,0.066
H7C3Fe1Cl3,3.678,137.813,0.027
H7C3Fe1F3,3.743,259.544,-0.342
I3H7C3Fe1,2.242,146.661,0.147
H7Ge1C3Br3,2.325,195.698,0.092
H7Ge1C3Cl3,2.823,188.940,0.031
H7Ge1C3F3,4.097,218.069,-0.335
I3H7Ge1C3,1.739,203.475,0.162
H7Mg1C3Cl3,4.383,176.831,-0.166
H7Mg1C3Cl3,4.383,176.830,-0.166
H7Mg1C3F3,5.206,272.799,-0.567
I3H7Mg1C3,2.675,201.990,0.006
H7C3Mn1Br3,3.182,135.322,0.008
H7C3Mn1Cl3,3.886,119.058,-0.058
H7C3Mn1F3,3.743,262.617,-0.392
I3H7C3Mn1,2.371,161.363,0.096
Ni1C3Br3H7,0.773,2313.151,2.283
Ni1C3Cl3H7,2.371,482.969,0.415
Ni1C3F3H7,3.385,294.667,-0.177
I3Ni1C3H7,0.754,289.649,0.290
H7C3Sn1Br3,2.010,192.752,0.057
H7C3Sn1Cl3,2.486,186.644,0.004
H7C3Sn1F3,3.701,242.698,-0.358
I3H7C3Sn1,1.414,202.926,0.129
Sr1C3Br3H7,3.760,184.895,-0.229
Sr1C3Cl3H7,4.672,177.036,-0.300
Sr1C3F3H7,5.659,253.803,-0.673
I3Sr1C3H7,2.655,206.630,-0.129
H7Zn1C3Br3,3.600,193.198,0.046
H7Zn1C3Cl3,4.361,192.059,0.003
H7Zn1C3F3,4.862,266.704,-0.309
I3H7Zn1C3,2.966,211.905,0.112
Pb1I3C3H7,1.751,218.186,0.106
Pb1H7C3Br3,2.299,188.035,0.036
Pb1H7C3Cl3,2.744,175.111,-0.017
Pb1H7C3F3,3.662,238.773,-0.356
H8C2Ba1Br3N1,4.403,108.860,-0.334
H8C2Cl3Ba1N1,5.099,117.726,-0.395
H8C2F3Ba1N1,5.420,186.040,-0.721
I3H8C2Ba1N1,3.802,100.390,-0.240
Be1C2N1Br3H8,4.628,93.822,-0.114
Be1C2N1Cl3H8,5.325,87.964,-0.200
Be1C2N1F3H8,6.412,136.879,-0.651
I3Be1C2N1H8,3.953,114.164,0.001
H8Ca1C2Br3N1,4.295,118.532,-0.289
H8Ca1Cl3C2N1,4.965,125.378,-0.355
H8Ca1F3C2N1,5.205,197.918,-0.722
I3H8Ca1C2N1,3.583,115.077,-0.195
H8C2N1Br3Cd1,3.176,122.587,-0.053
H8C2N1Cl3Cd1,3.689,127.564,-0.096
H8C2N1F3Cd1,3.737,181.238,-0.390
I3H8C2N1Cd1,0.916,123.070,0.024
H8C2Co1Br3N1,2.211,73.581,0.019
H8C2Cl3Co1N1,2.556,66.061,-0.042
H8C2F3Co1N1,3.048,182.863,-0.366
I3H8C2Co1N1,1.708,110.930,0.100
H8C2Br3Cu1N1,0.362,132.022,0.073
H8C2Cl3Cu1N1,0.503,124.606,0.025
H8C2F3Cu1N1,0.877,247.244,-0.259
I3H8C2Cu1N1,0.001,149.222,0.132
H8C2Fe1Br3N1,3.781,57.581,-0.028
H8C2Cl3Fe1N1,4.120,49.963,-0.094
H8C2F3Fe1N1,3.781,189.267,-0.429
I3H8C2Fe1N1,3.033,71.082,0.060
H8Ge1C2Br3N1,2.636,88.793,-0.024
H8Ge1Cl3C2N1,3.506,72.255,-0.084
H8Ge1F3C2N1,4.747,98.656,-0.454
I3H8Ge1C2N1,1.862,103.352,0.053
H8Mg1Cl3C2N1,4.724,137.758,-0.235
H8Mg1Cl3C2N1,4.724,137.758,-0.235
H8Mg1F3C2N1,4.906,197.259,-0.644
I3H8Mg1C2N1,1.732,134.272,-0.060
H8C2Mn1Br3N1,2.982,89.507,-0.071
H8C2Mn1Cl3N1,3.898,84.669,-0.134
H8C2Mn1F3N1,3.602,181.168,-0.487
I3H8C2Mn1N1,1.451,91.877,0.019
Ni1C2N1Br3H8,2.425,173.360,0.103
Ni1C2N1Cl3H8,2.935,160.280,0.043
Ni1C2N1F3H8,4.073,223.065,-0.283
I3Ni1C2N1H8,1.713,195.162,0.184
H8C2Sn1Br3N1,2.283,95.771,-0.058
H8C2Cl3Sn1N1,3.000,89.106,-0.111
H8C2F3Sn1N1,4.240,130.448,-0.458
I3H8C2Sn1N1,1.443,98.650,0.018
Sr1C2N1Br3H8,4.400,108.477,-0.320
Sr1C2N1Cl3H8,5.103,117.354,-0.382
Sr1C2N1F3H8,5.177,195.666,-0.726
I3Sr1C2N1H8,3.818,100.266,-0.224
H8Zn1C2Br3N1,3.813,111.653,-0.068
H8Zn1Cl3C2N1,4.496,113.015,-0.122
H8Zn1F3C2N1,4.663,171.568,-0.423
I3H8Zn1C2N1,3.153,112.204,0.008
Pb1I3C2N1H8,2.031,110.249,-0.006
Pb1H8C2Br3N1,2.566,104.487,-0.080
Pb1H8C2N1Cl3,3.162,105.190,-0.127
Pb1H8C2N1F3,4.654,156.270,-0.456
H5C2Ba1Br3,2.569,279.629,-0.267
H5C2Ba1Cl3,3.949,260.509,-0.366
H5C2Ba1F3,4.606,316.860,-0.875
I3H5C2Ba1,1.268,310.888,-0.139
Be1C2Br3H5,1.591,277.558,0.052
Be1C2Cl3H5,4.577,250.936,-0.069
Be1C2F3H5,5.512,308.201,-0.686
I3Be1C2H5,0.808,309.647,0.192
H5Ca1C2Br3,1.915,276.196,-0.223
H5Ca1C2Cl3,3.873,258.650,-0.324
H5Ca1C2F3,5.082,317.848,-0.859
I3H5Ca1C2,1.061,318.041,-0.090
H5C2Br3Cd1,0.475,315.376,0.134
H5C2Cl3Cd1,1.365,278.917,0.052
H5C2F3Cd1,3.022,306.288,-0.395
I3H5C2Cd1,0.329,344.894,0.224
H5C2Co1Br3,0.078,1089.803,1.072
H5C2Co1Cl3,2.062,216.967,0.142
H5C2Co1F3,0.005,1269.145,0.598
I3H5C2Co1,0.413,291.607,0.292
H5C2Br3Cu1,0.065,221.872,0.198
H5C2Cu1Cl3,0.017,304.494,0.242
H5C2Cu1F3,1.059,1037.106,0.492
I3H5C2Cu1,0.424,246.382,0.238
H5C2Fe1Br3,2.880,190.335,0.131
H5C2Fe1Cl3,3.533,210.320,0.069
H5C2Fe1F3,2.445,294.990,-0.471
I3H5C2Fe1,0.404,285.449,0.285
H5Ge1C2Br3,2.369,287.185,0.155
H5Ge1C2Cl3,2.625,270.082,0.069
H5Ge1C2F3,3.858,262.155,-0.442
I3H5Ge1C2,0.707,311.240,0.258
H5Mg1C2Cl3,3.307,292.044,-0.144
H5Mg1C2Cl3,3.307,292.043,-0.144
H5Mg1C2F3,3.934,292.504,-0.777
I3H5Mg1C2,0.821,347.381,0.098
H5C2Mn1Br3,1.449,256.255,0.095
H5C2Mn1Cl3,2.357,218.002,-0.007
H5C2Mn1F3,1.667,287.599,-0.546
I3H5C2Mn1,0.586,293.388,0.210
Ni1C2Br3H5,1.513,380.473,0.342
Ni1C2Cl3H5,1.856,391.907,0.305
Ni1C2F3H5,3.214,311.287,-0.289
I3Ni1C2H5,0.700,443.918,0.444
H5C2Sn1Br3,0.961,288.278,0.116
H5C2Sn1Cl3,2.155,263.266,0.031
H5C2Sn1F3,3.419,301.208,-0.464
I3H5C2Sn1,0.450,305.047,0.211
Sr1C2Br3H5,2.025,275.015,-0.252
Sr1C2Cl3H5,4.035,252.519,-0.355
Sr1C2F3H5,4.909,300.062,-0.879
I3Sr1C2H5,0.955,306.316,-0.120
H5Zn1C2Br3,1.691,299.575,0.112
H5Zn1C2Cl3,4.140,266.290,0.025
H5Zn1C2F3,4.490,331.344,-0.402
I3H5Zn1C2,0.880,331.148,0.204
Pb1I3C2H5,0.905,320.164,0.177
Pb1H5C2Br3,1.585,274.272,0.080
Pb1H5C2Cl3,2.278,248.311,0.004
Pb1H5C2F3,3.080,284.335,-0.473
H9C4Ba1Br3,3.204,189.919,-0.164
H9C4Ba1Cl3,4.097,185.235,-0.220
H9C4Ba1F3,5.070,241.487,-0.530
I3H9C4Ba1,2.445,204.448,-0.086
Be1C4Br3H9,3.990,164.847,0.019
Be1C4Cl3H9,5.015,152.907,-0.054
Be1C4F3H9,6.477,226.679,-0.416
I3Be1C4H9,3.240,179.836,0.104
H9Ca1C4Br3,3.000,189.625,-0.133
H9Ca1C4Cl3,4.209,176.968,-0.200
H9Ca1C4F3,5.907,228.253,-0.533
I3H9Ca1C4,2.140,215.154,-0.049
H9C4Br3Cd1,3.429,190.468,0.073
H9C4Cl3Cd1,4.025,184.779,0.038
H9C4F3Cd1,4.448,262.716,-0.191
I3H9C4Cd1,2.858,198.673,0.121
H9C4Co1Br3,1.753,152.017,0.140
H9C4Co1Cl3,2.144,139.957,0.091
H9C4Co1F3,2.590,260.407,-0.174
I3H9C4Co1,1.238,202.638,0.203
H9C4Br3Cu1,0.018,202.059,0.187
H9C4Cu1Cl3,0.000,186.124,0.146
H9C4Cu1F3,0.399,273.929,-0.079
I3H9C4Cu1,0.004,230.987,0.226
H9C4Fe1Br3,3.174,137.385,0.099
H9C4Fe1Cl3,3.788,141.116,0.050
H9C4Fe1F3,3.650,268.674,-0.227
I3H9C4Fe1,2.487,165.099,0.165
H9Ge1C4Br3,2.989,182.907,0.097
H9Ge1C4Cl3,3.375,179.190,0.049
H9Ge1C4F3,4.436,195.863,-0.260
I3H9Ge1C4,2.502,191.743,0.157
H9Mg1C4Cl3,4.727,205.435,-0.077
H9Mg1C4Cl3,4.530,210.180,-0.072
H9Mg1C4F3,5.525,303.098,-0.389
I3H9Mg1C4,3.024,217.687,0.056
H9C4Mn1Br3,3.308,166.564,0.062
H9C4Mn1Cl3,3.902,157.242,0.012
H9C4Mn1F3,3.975,280.286,-0.259
I3H9C4Mn1,2.744,179.423,0.125
Ni1C4Br3H9,2.151,235.747,0.211
Ni1C4Cl3H9,2.592,219.148,0.163
Ni1C4F3H9,3.639,289.989,-0.098
I3Ni1C4H9,1.534,273.293,0.273
H9C4Sn1Br3,2.764,184.176,0.072
H9C4Sn1Cl3,3.052,179.073,0.029
H9C4Sn1F3,3.884,230.961,-0.264
I3H9C4Sn1,2.322,192.940,0.132
Sr1C4Br3H9,3.127,187.674,-0.153
Sr1C4Cl3H9,4.098,180.947,-0.212
Sr1C4F3H9,5.318,233.156,-0.530
I3Sr1C4H9,2.324,205.559,-0.070
H9Zn1C4Br3,3.968,178.805,0.057
H9Zn1C4Cl3,4.686,172.226,0.016
H9Zn1C4F3,5.259,245.665,-0.229
I3H9Zn1C4,3.253,196.396,0.114
Pb1I3C4H9,2.057,209.825,0.117
Pb1H9C4Br3,2.834,184.061,0.058
Pb1H9C4Cl3,3.290,173.917,0.016
Pb1H9C4F3,3.937,222.819,-0.267
H6C1Ba1Br3N1,4.318,92.831,-0.460
H6C1Cl3Ba1N1,4.985,98.911,-0.542
H6C1F3Ba1N1,5.579,160.718,-0.973
I3H6C1Ba1N1,3.801,87.721,-0.338
Be1C1N1Br3H6,4.515,77.302,-0.182
Be1C1N1Cl3H6,5.321,67.936,-0.292
Be1C1N1F3H6,6.502,132.327,-0.852
I3Be1C1N1H6,3.818,101.660,-0.039
H6Ca1C1Br3N1,4.513,79.116,-0.431
H6Ca1Cl3C1N1,5.280,80.833,-0.520
H6Ca1F3C1N1,6.415,171.712,-0.979
I3H6Ca1C1N1,3.662,88.491,-0.300
H6C1N1Br3Cd1,1.501,103.332,-0.116
H6C1N1Cl3Cd1,2.424,104.421,-0.175
H6C1N1F3Cd1,3.431,159.120,-0.555
I3H6C1N1Cd1,0.509,114.408,-0.010
H6C1Co1Br3N1,2.173,24.701,-0.044
H6C1Cl3Co1N1,2.584,10.863,-0.125
H6C1F3Co1N1,2.931,167.289,-0.519
I3H6C1Co1N1,1.556,75.489,0.062
H6C1Br3Cu1N1,0.046,123.045,0.049
H6C1Cl3Cu1N1,0.007,113.805,-0.010
H6C1F3Cu1N1,0.532,255.823,-0.377
I3H6C1Cu1N1,0.126,173.707,0.152
H6C1Fe1Br3N1,2.313,33.668,-0.073
H6C1Cl3Fe1N1,3.256,24.144,-0.156
H6C1F3Fe1N1,3.206,183.187,-0.590
I3H6C1Fe1N1,1.047,57.618,0.044
H6Ge1C1Br3N1,1.908,66.829,-0.074
H6Ge1Cl3C1N1,2.340,56.572,-0.138
H6Ge1F3C1N1,4.469,89.585,-0.601
I3H6Ge1C1N1,1.561,82.300,0.020
H6Mg1Cl3C1N1,4.828,91.032,-0.375
H6Mg1Cl3C1N1,4.828,91.038,-0.375
H6Mg1F3C1N1,5.771,184.085,-0.867
I3H6Mg1C1N1,1.210,116.952,-0.126
H6C1Mn1Br3N1,2.191,50.578,-0.150
H6C1Mn1Cl3N1,3.101,43.451,-0.230
H6C1Mn1F3N1,3.613,172.253,-0.663
I3H6C1Mn1N1,0.816,67.493,-0.023
Ni1C1N1Br3H6,1.955,157.092,0.070
Ni1C1N1Cl3H6,2.489,138.925,-0.007
Ni1C1N1F3H6,4.139,217.144,-0.415
I3Ni1C1N1H6,1.269,191.856,0.178
H6C1Sn1Br3N1,1.464,73.135,-0.119
H6C1Cl3Sn1N1,2.013,69.800,-0.180
H6C1F3Sn1N1,3.562,126.862,-0.609
I3H6C1Sn1N1,,75.750,-0.024
Sr1C1N1Br3H6,4.446,80.720,-0.455
Sr1C1N1Cl3H6,5.190,81.513,-0.542
Sr1C1N1F3H6,6.235,163.032,-0.989
I3Sr1C1N1H6,3.875,78.952,-0.326
H6Zn1C1Br3N1,3.171,87.476,-0.137
H6Zn1Cl3C1N1,3.913,89.979,-0.204
H6Zn1F3C1N1,4.434,162.169,-0.581
I3H6Zn1C1N1,2.389,95.024,-0.036
Pb1H6C1I3N1,1.837,90.614,-0.055
Pb1H6C1I3N1,1.838,90.322,-0.055
Pb1H6C1Br3N1,2.252,78.409,-0.152
Pb1H6C1Cl3N1,2.730,77.340,-0.213
Pb1H6C1F3N1,3.756,145.675,-0.620
H10C3Ba1Br3N1,4.358,119.221,-0.250
H10C3Cl3Ba1N1,4.882,129.620,-0.298
H10C3F3Ba1N1,5.471,181.879,-0.574
I3H10C3Ba1N1,3.752,109.818,-0.174
Be1C3N1Br3H10,4.460,105.539,-0.067
Be1C3N1Cl3H10,5.178,98.344,-0.141
Be1C3N1F3H10,6.356,145.574,-0.511
I3Be1C3N1H10,3.900,120.217,0.026
H10Ca1C3Br3N1,3.892,145.004,-0.195
H10Ca1Cl3C3N1,4.499,139.648,-0.261
H10Ca1F3C3N1,5.217,206.072,-0.561
I3H10Ca1C3N1,3.271,136.717,-0.122
H10C3N1Br3Cd1,3.229,131.371,-0.015
H10C3N1Cl3Cd1,3.767,138.736,-0.048
H10C3N1F3Cd1,3.875,204.628,-0.272
I3H10C3N1Cd1,2.698,119.462,0.037
H10C3Co1Br3N1,2.207,89.551,0.044
H10C3Cl3Co1N1,2.541,85.124,-0.005
H10C3F3Co1N1,1.068,621.330,0.164
I3H10C3Co1N1,1.702,119.564,0.110
H10C3Br3Cu1N1,0.407,136.985,0.087
H10C3Cl3Cu1N1,0.533,133.463,0.051
H10C3F3Cu1N1,0.883,239.013,-0.183
I3H10C3Cu1N1,0.001,151.919,0.138
H10C3Fe1Br3N1,3.755,75.760,0.005
H10C3Cl3Fe1N1,4.140,70.135,-0.050
H10C3F3Fe1N1,3.719,188.589,-0.327
I3H10C3Fe1N1,3.034,84.641,0.075
H10Ge1C3Br3N1,3.006,100.225,0.006
H10Ge1Cl3C3N1,3.626,91.656,-0.038
H10Ge1F3C3N1,4.551,125.446,-0.335
I3H10Ge1C3N1,2.237,114.010,0.072
H10Mg1Cl3C3N1,4.648,145.894,-0.165
H10Mg1Cl3C3N1,4.648,145.894,-0.165
H10Mg1F3C3N1,5.346,217.374,-0.484
I3H10Mg1C3N1,3.347,133.237,-0.029
H10C3Mn1Br3N1,3.524,102.221,-0.032
H10C3Mn1Cl3N1,3.856,101.232,-0.081
H10C3Mn1F3N1,3.694,205.332,-0.352
I3H10C3Mn1N1,3.073,99.585,0.039
Ni1C3N1Br3H10,2.434,171.443,0.113
Ni1C3N1Cl3H10,2.944,162.770,0.065
Ni1C3N1F3H10,4.154,222.357,-0.199
I3Ni1C3N1H10,1.768,189.871,0.181
H10C3Sn1Br3N1,2.774,106.778,-0.021
H10C3Cl3Sn1N1,3.324,103.115,-0.064
H10C3F3Sn1N1,4.223,148.413,-0.342
I3H10C3Sn1N1,2.026,108.540,0.042
Sr1C3N1Br3H10,4.221,127.020,-0.230
Sr1C3N1Cl3H10,4.718,139.980,-0.276
Sr1C3N1F3H10,5.198,202.388,-0.566
I3Sr1C3N1H10,3.623,115.393,-0.155
H10Zn1C3Br3N1,3.793,120.670,-0.029
H10Zn1Cl3C3N1,4.424,124.774,-0.071
H10Zn1F3C3N1,4.726,176.998,-0.318
I3H10Zn1C3N1,3.229,119.912,0.033
Pb1I3C3H10N1,2.145,123.516,0.027
Pb1H10C3Br3N1,2.868,118.926,-0.035
Pb1H10C3N1Cl3,3.611,118.981,-0.075
Pb1H10C3N1F3,4.483,168.100,-0.342
H7C3Ba1Br3,1.332,224.591,-0.205
H7C3Ba1Cl3,1.753,225.849,-0.266
H7C3Ba1F3,4.610,310.933,-0.625
I3H7C3Ba1,0.902,242.981,-0.110
Be1C3Br3H7,1.691,209.510,0.032
Be1C3Cl3H7,2.192,195.865,-0.055
Be1C3F3H7,3.749,262.116,-0.519
I3Be1C3H7,1.082,238.617,0.146
H7Ca1C3Br3,1.681,236.647,-0.155
H7Ca1C3Cl3,4.022,172.901,-0.285
H7Ca1C3F3,5.660,239.865,-0.685
I3H7Ca1C3,1.116,258.796,-0.062
H7C3Br3Cd1,1.644,224.594,0.082
H7C3Cl3Cd1,2.167,219.915,0.042
H7C3F3Cd1,2.903,283.088,-0.268
I3H7C3Cd1,2.046,194.862,0.100
H7C3Co1Br3,1.514,184.995,0.171
H7C3Co1Cl3,1.395,148.539,0.090
H7C3Co1F3,1.782,318.457,-0.209
I3H7C3Co1,1.115,249.121,0.249
H7C3Br3Cu1,0.008,248.615,0.230
H7C3Cu1Cl3,0.424,237.718,0.189
H7C3Cu1F3,0.617,299.177,-0.129
I3H7C3Cu1,0.003,238.750,0.233
H7C3Fe1Br3,1.492,159.261,0.113
H7C3Fe1Cl3,1.535,174.330,0.063
H7C3Fe1F3,3.590,282.088,-0.319
I3H7C3Fe1,1.040,209.449,0.209
H7Ge1C3Br3,0.685,232.774,0.129
H7Ge1C3Cl3,0.723,233.528,0.076
H7Ge1C3F3,0.912,252.013,-0.302
I3H7Ge1C3,0.652,245.427,0.204
H7Mg1C3Cl3,2.029,221.866,-0.121
H7Mg1C3Cl3,2.029,221.867,-0.121
H7Mg1C3F3,4.155,296.299,-0.544
I3H7Mg1C3,1.316,249.889,0.054
H7C3Mn1Br3,1.363,180.934,0.054
H7C3Mn1Cl3,1.514,170.377,-0.006
H7C3Mn1F3,3.615,284.213,-0.371
I3H7C3Mn1,0.972,206.288,0.141
Ni1C3Br3H7,1.674,292.770,0.263
Ni1C3Cl3H7,2.057,273.559,0.205
Ni1C3F3H7,3.485,307.277,-0.164
I3Ni1C3H7,1.128,343.322,0.343
H7C3Sn1Br3,0.358,228.600,0.093
H7C3Sn1Cl3,0.507,227.006,0.045
H7C3Sn1F3,0.659,294.759,-0.306
I3H7C3Sn1,0.002,240.426,0.167
Sr1C3Br3H7,1.498,224.136,-0.190
Sr1C3Cl3H7,1.952,225.469,-0.252
Sr1C3F3H7,5.362,230.023,-0.696
I3Sr1C3H7,0.994,242.927,-0.092
H7Zn1C3Br3,1.744,226.182,0.079
H7Zn1C3Cl3,2.007,220.834,0.032
H7Zn1C3F3,3.487,272.345,-0.304
I3H7Zn1C3,1.145,253.332,0.153
Pb1I3C3H7,0.960,255.524,0.143
Pb1H7C3Br3,1.076,221.425,0.069
Pb1H7C3Cl3,1.221,215.296,0.023
Pb1H7C3F3,1.361,288.491,-0.306
H8C2Ba1Br3N1,4.414,133.794,-0.309
H8C2Cl3Ba1N1,5.030,146.071,-0.367
H8C2F3Ba1N1,5.298,211.274,-0.696
I3H8C2Ba1N1,3.883,125.898,-0.215
Be1C2N1Br3H8,4.438,119.158,-0.088
Be1C2N1Cl3H8,5.163,111.818,-0.176
Be1C2N1F3H8,6.291,174.121,-0.613
I3Be1C2N1H8,3.836,134.977,0.022
H8Ca1C2Br3N1,4.323,141.320,-0.267
H8Ca1Cl3C2N1,4.836,134.399,-0.346
H8Ca1F3C2N1,5.492,204.872,-0.715
I3H8Ca1C2N1,3.635,138.594,-0.172
H8C2N1Br3Cd1,1.160,143.307,-0.032
H8C2N1Cl3Cd1,2.014,147.995,-0.076
H8C2N1F3Cd1,3.413,197.096,-0.375
I3H8C2N1Cd1,0.635,136.926,0.037
H8C2Co1Br3N1,2.102,99.135,0.044
H8C2Cl3Co1N1,2.394,94.620,-0.014
H8C2F3Co1N1,2.912,224.921,-0.324
I3H8C2Co1N1,1.448,134.952,0.124
H8C2Br3Cu1N1,0.352,159.483,0.100
H8C2Cl3Cu1N1,0.493,154.635,0.055
H8C2F3Cu1N1,0.314,270.528,-0.235
I3H8C2Cu1N1,0.171,168.088,0.151
H8C2Fe1Br3N1,3.549,82.804,-0.003
H8C2Cl3Fe1N1,3.974,80.148,-0.064
H8C2F3Fe1N1,4.127,367.194,-0.251
I3H8C2Fe1N1,2.385,96.917,0.086
H8Ge1C2Br3N1,2.623,112.491,0.000
H8Ge1Cl3C2N1,3.316,99.348,-0.057
H8Ge1F3C2N1,4.100,137.434,-0.415
I3H8Ge1C2N1,2.003,124.604,0.075
H8Mg1Cl3C2N1,4.258,144.982,-0.228
H8Mg1Cl3C2N1,4.258,144.982,-0.228
H8Mg1F3C2N1,4.965,230.083,-0.611
I3H8Mg1C2N1,1.406,143.303,-0.051
H8C2Mn1Br3N1,2.344,104.116,-0.056
H8C2Mn1Cl3N1,3.513,96.341,-0.122
H8C2Mn1F3N1,2.885,207.878,-0.461
I3H8C2Mn1N1,1.040,103.592,0.031
Ni1C2N1Br3H8,1.775,234.070,0.164
Ni1C2N1Cl3H8,2.843,186.374,0.069
Ni1C2N1F3H8,3.978,239.724,-0.266
I3Ni1C2N1H8,1.461,219.197,0.208
H8C2Sn1Br3N1,2.173,121.124,-0.032
H8C2Cl3Sn1N1,2.784,117.138,-0.083
H8C2F3Sn1N1,3.754,160.222,-0.429
I3H8C2Sn1N1,1.541,121.881,0.042
Sr1C2N1Br3H8,4.432,133.703,-0.295
Sr1C2N1Cl3H8,5.145,141.563,-0.357
Sr1C2N1F3H8,5.419,206.995,-0.715
I3Sr1C2N1H8,3.868,124.579,-0.199
H8Zn1C2Br3N1,3.588,136.793,-0.043
H8Zn1Cl3C2N1,4.327,141.018,-0.094
H8Zn1F3C2N1,4.464,198.264,-0.396
I3H8Zn1C2N1,2.938,135.517,0.031
Pb1I3C2H8N1,1.890,136.085,0.020
Pb1H8C2Br3N1,2.469,126.302,-0.058
Pb1H8C2N1Cl3,2.933,128.084,-0.105
Pb1H8C2N1F3,3.407,187.944,-0.424
H9C4Ba1Br3,1.900,191.913,-0.162
H9C4Ba1Cl3,2.342,195.783,-0.210
H9C4Ba1F3,4.112,277.740,-0.493
I3H9C4Ba1,1.332,206.002,-0.085
Be1C4Br3H9,1.360,180.973,0.035
Be1C4Cl3H9,1.809,168.886,-0.038
Be1C4F3H9,3.245,215.212,-0.428
I3Be1C4H9,0.917,204.689,0.128
H9Ca1C4Br3,1.820,208.474,-0.114
H9Ca1C4Cl3,2.252,207.620,-0.170
H9Ca1C4F3,3.124,269.172,-0.492
I3H9Ca1C4,1.386,228.343,-0.036
H9C4Br3Cd1,1.560,207.527,0.090
H9C4Cl3Cd1,2.031,202.394,0.056
H9C4F3Cd1,3.100,254.137,-0.200
I3H9C4Cd1,1.054,219.138,0.141
H9C4Co1Br3,1.415,162.893,0.151
H9C4Co1Cl3,1.505,151.076,0.103
H9C4Co1F3,1.238,242.128,-0.192
I3H9C4Co1,0.989,217.733,0.218
H9C4Br3Cu1,0.408,212.558,0.197
H9C4Cu1Cl3,0.531,201.123,0.161
H9C4Cu1F3,0.002,255.471,-0.097
I3H9C4Cu1,0.003,250.586,0.245
H9C4Fe1Br3,1.603,147.902,0.110
H9C4Fe1Cl3,1.561,149.027,0.058
H9C4Fe1F3,0.615,306.168,-0.189
I3H9C4Fe1,1.063,181.821,0.182
H9Ge1C4Br3,1.010,196.451,0.111
H9Ge1C4Cl3,1.062,196.409,0.066
H9Ge1C4F3,1.298,212.719,-0.243
I3H9Ge1C4,0.937,209.140,0.175
H9Mg1C4Cl3,2.037,215.945,-0.066
H9Mg1C4Cl3,2.037,215.945,-0.066
H9Mg1C4F3,2.973,263.538,-0.428
I3H9Mg1C4,1.104,232.619,0.071
H9C4Mn1Br3,1.420,175.958,0.071
H9C4Mn1Cl3,1.589,167.980,0.022
H9C4Mn1F3,1.653,256.993,-0.282
I3H9C4Mn1,1.042,196.293,0.142
Ni1C4Br3H9,1.653,248.789,0.224
Ni1C4Cl3H9,2.047,231.641,0.175
Ni1C4F3H9,0.004,,
I3Ni1C4H9,1.129,292.210,0.292
H9C4Sn1Br3,0.836,194.406,0.083
H9C4Sn1Cl3,0.966,191.701,0.041
H9C4Sn1F3,1.210,232.922,-0.262
I3H9C4Sn1,0.686,205.294,0.144
Sr1C4Br3H9,2.019,201.924,-0.139
Sr1C4Cl3H9,2.428,202.798,-0.190
Sr1C4F3H9,4.011,280.406,-0.483
I3Sr1C4H9,1.464,212.561,-0.063
H9Zn1C4Br3,1.559,197.190,0.076
H9Zn1C4Cl3,1.951,188.264,0.032
H9Zn1C4F3,2.789,256.283,-0.218
I3H9Zn1C4,1.017,219.206,0.137
Pb1I3C4H9,1.225,219.560,0.127
Pb1H9C4Br3,1.419,191.687,0.066
Pb1H9C4Cl3,1.588,185.369,0.027
Pb1H9C4F3,1.833,234.424,-0.255
H10C3Ba1Br3N1,4.529,163.553,-0.205
H10C3Cl3Ba1N1,5.105,176.765,-0.251
H10C3F3Ba1N1,5.515,264.868,-0.491
I3H10C3Ba1N1,3.941,151.161,-0.133
Be1C3N1Br3H10,4.445,148.956,-0.024
Be1C3N1Cl3H10,5.028,145.593,-0.094
Be1C3N1F3H10,5.827,210.970,-0.445
I3Be1C3N1H10,3.899,159.299,0.065
H10Ca1C3Br3N1,4.109,184.681,-0.155
H10Ca1Cl3C3N1,4.798,191.176,-0.210
H10Ca1F3C3N1,5.521,276.085,-0.491
I3H10Ca1C3N1,3.384,178.292,-0.080
H10C3N1Br3Cd1,3.180,173.509,0.027
H10C3N1Cl3Cd1,3.742,182.466,-0.004
H10C3N1F3Cd1,3.967,268.440,-0.208
I3H10C3N1Cd1,2.610,160.785,0.078
H10C3Co1Br3N1,2.265,131.503,0.086
H10C3Cl3Co1N1,2.615,129.129,0.039
H10C3F3Co1N1,3.137,251.981,-0.206
I3H10C3Co1N1,1.706,159.727,0.150
H10C3Br3Cu1N1,0.366,179.391,0.130
H10C3Cl3Cu1N1,0.509,176.583,0.094
H10C3F3Cu1N1,0.810,306.839,-0.115
I3H10C3Cu1N1,0.002,191.370,0.177
H10C3Fe1Br3N1,3.856,115.956,0.045
H10C3Cl3Fe1N1,4.147,115.741,-0.004
H10C3F3Fe1N1,3.535,254.299,-0.261
I3H10C3Fe1N1,3.032,124.937,0.116
H10Ge1C3Br3N1,3.034,142.523,0.049
H10Ge1Cl3C3N1,3.701,135.531,0.006
H10Ge1F3C3N1,4.439,168.385,-0.292
I3H10Ge1C3N1,2.210,154.139,0.112
H10Mg1Cl3C3N1,4.691,189.701,-0.121
H10Mg1Cl3C3N1,4.691,189.701,-0.121
H10Mg1F3C3N1,5.462,288.377,-0.413
I3H10Mg1C3N1,3.239,173.763,0.012
H10C3Mn1Br3N1,3.528,143.938,0.010
H10C3Mn1Cl3N1,3.888,145.172,-0.037
H10C3Mn1F3N1,3.585,272.275,-0.285
I3H10C3Mn1N1,3.077,138.887,0.079
Ni1C3N1Br3H10,2.458,212.572,0.154
Ni1C3N1Cl3H10,3.049,205.564,0.108
Ni1C3N1F3H10,4.358,288.501,-0.133
I3Ni1C3N1H10,1.721,229.761,0.220
H10C3Sn1Br3N1,2.802,149.926,0.022
H10C3Cl3Sn1N1,3.403,149.255,-0.017
H10C3F3Sn1N1,4.075,198.912,-0.292
I3H10C3Sn1N1,2.068,149.990,0.083
Sr1C3N1Br3H10,4.313,173.556,-0.183
Sr1C3N1Cl3H10,4.972,186.567,-0.229
Sr1C3N1F3H10,5.392,280.395,-0.488
I3Sr1C3N1H10,3.744,157.728,-0.112
H10Zn1C3Br3N1,3.811,162.816,0.013
H10Zn1Cl3C3N1,4.486,167.474,-0.029
H10Zn1F3C3N1,4.657,244.894,-0.251
I3H10Zn1C3N1,3.143,161.257,0.074
Pb1I3C3H10N1,2.331,163.013,0.066
Pb1H10C3Br3N1,3.004,160.914,0.007
Pb1H10C3N1Cl3,3.565,164.489,-0.029
Pb1H10C3N1F3,4.577,234.763,-0.275
Cs1Ba1Br3,4.154,60.065,-1.816
Cs1Ba1Cl3,4.762,58.907,-2.010
Cs1Ba1F3,5.322,99.223,-3.023
Cs1I3Ba1,3.620,55.387,-1.516
Cs1Be1Br3,4.430,0.000,-1.175
Cs1Be1Cl3,5.311,0.000,-1.447
Cs1Be1F3,6.633,128.953,-2.769
Cs1Be1I3,3.186,29.139,-0.812
Cs1Ca1Br3,4.534,17.052,-1.782
Cs1Ca1Cl3,5.515,0.000,-2.018
Cs1Ca1F3,7.073,50.510,-3.162
Cs1I3Ca1,3.794,34.902,-1.457
Cs1Br3Cd1,1.026,69.271,-1.020
Cs1Cl3Cd1,1.993,37.459,-1.192
Cs1F3Cd1,3.518,91.245,-2.108
Cs1I3Cd1,0.540,93.651,-0.777
Cs1Co1Br3,2.176,0.000,-0.840
Cs1Co1Cl3,2.492,0.000,-1.024
Cs1Co1F3,,,
Cs1I3Co1,1.538,0.000,-0.589
Cs1Br3Cu1,0.010,111.217,-0.628
Cs1Cu1Cl3,0.127,106.708,-0.763
Cs1Cu1F3,,,
Cs1I3Cu1,0.123,162.022,-0.448
Cs1Fe1Br3,1.944,0.000,-0.933
Cs1Fe1Cl3,,,
Cs1Fe1F3,3.514,108.086,-2.211
Cs1I3Fe1,0.805,0.000,-0.633
Cs1Ge1Br3,,,
Cs1Ge1Cl3,1.846,32.607,-1.066
Cs1Ge1F3,,,
Cs1I3Ge1,1.305,34.247,-0.680
Cs1Mg1Br3,2.735,65.116,-1.409
Cs1Mg1Cl3,4.145,58.222,-1.652
Cs1Mg1F3,6.876,103.714,-2.870
Cs1I3Mg1,1.411,80.354,-1.070
Cs1Mn1Br3,1.836,0.000,-1.132
Cs1Mn1Cl3,2.747,0.000,-1.337
Cs1Mn1F3,3.601,70.813,-2.413
Cs1I3Mn1,0.920,0.000,-0.829
Cs1Ni1Br3,0.982,289.037,-0.452
Cs1Ni1Cl3,2.121,186.813,-0.750
Cs1Ni1F3,,,
Cs1Ni1I3,0.509,297.698,-0.285
Cs1Sn1Br3,1.228,27.842,-1.018
Cs1Sn1Cl3,,,
Cs1Sn1F3,2.132,127.904,-2.128
Cs1I3Sn1,1.101,40.206,-0.789
Cs1Sr1Br3,4.337,19.407,-1.816
Cs1Sr1Cl3,5.125,13.595,-2.034
Cs1Sr1F3,6.294,62.524,-3.104
Cs1Sr1I3,,,
Cs1Zn1Br3,0.821,90.624,-0.979
Cs1Zn1Cl3,1.874,126.392,-1.159
Cs1Zn1F3,3.857,113.030,-2.150
Cs1I3Zn1,0.229,138.138,-0.724
Cs1Pb1Br3,,,
Cs1Pb1Cl3,2.561,31.011,-1.244
Cs1Pb1F3,3.296,66.190,-2.211
Cs1Pb1I3,1.807,63.944,-0.854
K1Ba1Br3,3.878,109.776,-1.734
K1Ba1Cl3,4.457,131.260,-1.933
K1Ba1F3,4.900,182.282,-2.972
I3K1Ba1,3.464,104.275,-1.439
Be1K1Br3,4.063,43.136,-1.094
Be1K1Cl3,5.010,49.367,-1.339
Be1K1F3,7.449,145.121,-2.733
I3Be1K1,3.554,69.794,-0.744
K1Ca1Br3,4.138,67.379,-1.693
K1Ca1Cl3,4.897,60.202,-1.929
K1Ca1F3,6.274,79.434,-3.130
I3K1Ca1,3.597,94.824,-1.358
K1Br3Cd1,1.127,107.610,-0.934
K1Cl3Cd1,2.099,89.826,-1.114
K1F3Cd1,3.339,104.407,-2.094
I3K1Cd1,0.537,144.493,-0.675
K1Co1Br3,1.307,0.000,-0.714
K1Co1Cl3,1.682,0.000,-0.945
K1Co1F3,2.604,19.847,-2.094
I3K1Co1,1.420,57.641,-0.497
K1Br3Cu1,0.162,107.767,-0.586
K1Cu1Cl3,0.172,84.800,-0.751
K1Cu1F3,0.058,115.503,-1.729
I3K1Cu1,0.010,212.601,-0.359
K1Fe1Br3,2.017,0.000,-0.866
K1Fe1Cl3,3.061,0.000,-1.104
K1Fe1F3,3.029,36.694,-2.252
I3K1Fe1,0.862,11.520,-0.543
K1Ge1Br3,1.401,55.154,-0.821
K1Ge1Cl3,1.657,60.245,-0.980
K1Ge1F3,4.290,143.778,-2.072
I3K1Ge1,1.272,84.738,-0.586
K1Mg1Br3,2.902,78.131,-1.338
K1Mg1Cl3,4.416,37.417,-1.609
K1Mg1F3,7.136,56.167,-2.976
I3K1Mg1,1.496,131.899,-0.972
K1Mn1Br3,1.858,0.000,-1.053
K1Mn1Cl3,2.092,490.224,-0.710
K1Mn1F3,2.895,74.821,-2.433
I3K1Mn1,0.947,10.219,-0.728
Ni1K1Br3,0.896,338.910,-0.387
Ni1K1Cl3,1.463,271.618,-0.611
Ni1K1F3,3.333,220.760,-1.779
I3Ni1K1,0.410,355.069,-0.200
K1Sn1Br3,1.337,61.255,-0.923
K1Sn1Cl3,1.722,67.985,-1.075
K1Sn1F3,3.416,134.372,-2.143
I3K1Sn1,1.078,89.914,-0.672
Sr1K1Br3,4.029,74.764,-1.726
Sr1K1Cl3,4.658,75.560,-1.947
Sr1K1F3,5.522,138.260,-3.060
I3Sr1K1,3.533,83.888,-1.409
K1Zn1Br3,1.064,144.698,-0.928
K1Zn1Cl3,1.786,142.329,-1.103
K1Zn1F3,3.953,76.534,-2.222
I3K1Zn1,0.181,178.424,-0.656
Pb1K1Br3,2.230,74.559,-1.000
Pb1K1Cl3,2.694,78.343,-1.158
Pb1K1F3,3.752,129.110,-2.140
Pb1I3K1,1.790,134.492,-0.735
Ba1Br3Li1,3.800,196.668,-1.567
Cl3Ba1Li1,4.355,223.973,-1.781
F3Ba1Li1,5.825,238.881,-3.005
I3Ba1Li1,3.069,211.006,-1.227
Be1Br3Li1,4.668,41.429,-1.017
Be1Cl3Li1,5.866,54.130,-1.275
Be1F3Li1,7.746,60.188,-2.844
I3Be1Li1,3.540,45.156,-0.663
Ca1Br3Li1,3.720,158.961,-1.501
Ca1Cl3Li1,4.525,162.438,-1.747
Ca1F3Li1,5.966,218.517,-3.065
I3Ca1Li1,3.119,183.025,-1.164
Cd1Br3Li1,1.870,168.455,-0.793
Cl3Cd1Li1,2.637,162.793,-0.964
F3Cd1Li1,3.285,284.042,-1.953
I3Cd1Li1,1.195,167.284,-0.547
Co1Br3Li1,2.164,0.000,-0.696
Cl3Co1Li1,1.530,26.704,-0.765
F3Co1Li1,2.597,187.203,-1.982
I3Co1Li1,1.481,32.473,-0.417
Br3Cu1Li1,0.016,209.130,-0.405
Cl3Cu1Li1,0.118,186.216,-0.578
F3Cu1Li1,0.011,207.631,-1.617
I3Cu1Li1,0.027,280.603,-0.186
Fe1Br3Li1,1.936,0.000,-0.694
Cl3Fe1Li1,2.450,372.998,-0.526
F3Fe1Li1,4.034,611.817,-1.766
I3Fe1Li1,2.458,0.000,-0.508
Ge1Br3Li1,1.813,111.196,-0.663
Ge1Cl3Li1,2.068,109.516,-0.825
Ge1F3Li1,3.640,238.559,-1.957
I3Ge1Li1,1.545,133.676,-0.432
Mg1Br3Li1,2.554,185.427,-1.151
Mg1Cl3Li1,4.094,160.968,-1.430
Mg1Cl3Li1,6.182,0.000,-2.894
I3Mg1Li1,1.879,188.353,-0.810
Mn1Br3Li1,2.511,37.659,-0.880
Cl3Mn1Li1,2.573,19.354,-1.107
F3Mn1Li1,2.399,802.302,-1.726
I3Mn1Li1,0.752,85.650,-0.547
Ni1Br3Li1,1.349,320.186,-0.326
Ni1Cl3Li1,1.814,270.039,-0.548
Ni1F3Li1,3.098,357.130,-1.664
I3Ni1Li1,1.258,312.404,-0.137
Sn1Br3Li1,1.553,165.512,-0.731
Cl3Sn1Li1,2.026,163.688,-0.903
F3Sn1Li1,3.492,281.427,-2.007
I3Sn1Li1,1.262,154.186,-0.502
Sr1Br3Li1,3.729,178.555,-1.543
Sr1Cl3Li1,4.256,209.522,-1.754
Sr1F3Li1,5.680,254.128,-3.034
I3Sr1Li1,3.254,167.405,-1.220
Zn1Br3Li1,1.812,199.917,-0.775
Zn1Cl3Li1,2.743,174.480,-0.982
Zn1F3Li1,4.334,205.547,-2.101
I3Zn1Li1,2.894,67.464,-0.662
Pb1Br3Li1,2.621,187.146,-0.802
Pb1Cl3Li1,2.542,181.653,-0.983
Pb1F3Li1,4.233,106.072,-2.253
Pb1I3Li1,2.117,194.113,-0.570
Na1Ba1Br3,3.333,170.778,-1.599
Na1Ba1Cl3,3.916,206.445,-1.798
Na1Ba1F3,4.255,305.678,-2.849
I3Na1Ba1,2.776,151.182,-1.304
Na1Br3Be1,4.497,50.432,-1.013
Na1Cl3Be1,5.443,30.173,-1.299
Na1F3Be1,6.186,193.077,-2.646
I3Na1Be1,3.446,65.686,-0.659
Na1Ca1Br3,3.708,101.042,-1.564
Na1Ca1Cl3,4.469,99.857,-1.809
Na1Ca1F3,5.353,186.240,-3.008
I3Na1Ca1,3.149,133.696,-1.230
Na1Br3Cd1,2.792,71.522,-0.896
Na1Cl3Cd1,1.973,140.426,-0.988
Na1F3Cd1,3.195,167.723,-1.990
I3Na1Cd1,2.450,65.370,-0.666
Na1Co1Br3,1.502,0.260,-0.606
Na1Co1Cl3,1.873,0.000,-0.811
Na1Co1F3,1.440,303.938,-1.800
I3Na1Co1,1.579,31.879,-0.434
Na1Br3Cu1,0.163,183.906,-0.436
Na1Cu1Cl3,0.169,155.815,-0.608
Na1Cu1F3,0.012,146.498,-1.633
I3Na1Cu1,0.013,279.535,-0.204
Na1Fe1Br3,1.896,0.000,-0.723
Na1Fe1Cl3,3.049,0.000,-0.962
Na1Fe1F3,2.363,154.138,-2.150
I3Na1Fe1,1.376,27.145,-0.439
Na1Ge1Br3,1.807,74.005,-0.706
Na1Ge1Cl3,2.211,59.112,-0.875
Na1Ge1F3,4.379,86.655,-2.086
I3Na1Ge1,1.153,180.843,-0.401
Na1Mg1Br3,2.681,144.472,-1.197
Na1Mg1Cl3,4.314,120.463,-1.465
Na1Mg1F3,6.126,87.058,-2.897
I3Na1Mg1,1.212,173.509,-0.842
Na1Mn1Br3,1.839,5.567,-0.918
Na1Mn1Cl3,2.679,0.000,-1.154
Na1Mn1F3,2.062,708.897,-1.746
I3Na1Mn1,0.794,49.814,-0.600
Na1Br3Ni1,1.409,273.479,-0.378
Na1Cl3Ni1,2.202,214.034,-0.603
Na1F3Ni1,4.478,132.671,-1.825
I3Na1Ni1,0.644,390.739,-0.075
Na1Sn1Br3,1.558,102.029,-0.800
Na1Sn1Cl3,1.952,116.535,-0.957
Na1Sn1F3,3.648,188.069,-2.046
I3Na1Sn1,1.276,101.605,-0.571
Na1Br3Sr1,3.524,126.542,-1.600
Na1Cl3Sr1,4.192,138.391,-1.824
Na1F3Sr1,4.806,245.745,-2.953
I3Na1Sr1,2.997,122.274,-1.282
Na1Zn1Br3,1.417,180.972,-0.810
Na1Zn1Cl3,2.486,159.687,-1.014
Na1Zn1F3,3.654,125.320,-2.124
I3Na1Zn1,2.859,71.502,-0.675
Pb1Na1Br3,2.358,117.051,-0.877
Pb1Na1Cl3,2.758,127.567,-1.036
Pb1Na1F3,3.691,234.352,-2.036
Pb1Na1I3,2.087,142.568,-0.639
Br3Ba1Rb1,3.962,77.681,-1.766
Ba1Rb1Cl3,4.522,96.690,-1.963
Ba1Rb1F3,4.931,143.117,-2.987
I3Ba1Rb1,3.490,82.847,-1.468
Be1Br3Rb1,4.179,7.096,-1.131
Be1Rb1Cl3,5.112,0.000,-1.406
Be1Rb1F3,6.522,130.211,-2.751
I3Be1Rb1,3.132,57.211,-0.763
Ca1Br3Rb1,4.241,39.383,-1.731
Ca1Rb1Cl3,5.108,25.936,-1.971
Ca1Rb1F3,6.542,51.320,-3.152
I3Ca1Rb1,3.591,65.725,-1.394
Br3Rb1Cd1,1.065,83.744,-0.974
Cl3Rb1Cd1,2.057,60.426,-1.151
F3Rb1Cd1,3.409,74.765,-2.116
I3Rb1Cd1,0.538,106.912,-0.720
Co1Br3Rb1,1.395,0.000,-0.745
Co1Rb1Cl3,1.758,0.000,-0.963
Co1Rb1F3,2.608,53.407,-2.073
I3Co1Rb1,1.468,28.051,-0.533
Br3Cu1Rb1,0.140,86.970,-0.608
Cu1Rb1Cl3,0.165,93.397,-0.757
Cu1Rb1F3,0.023,118.746,-1.701
I3Cu1Rb1,0.007,179.882,-0.399
Br3Fe1Rb1,1.988,0.000,-0.898
Fe1Rb1Cl3,3.015,0.000,-1.128
Fe1Rb1F3,4.103,404.725,-1.860
I3Fe1Rb1,0.816,0.000,-0.583
Ge1Br3Rb1,1.393,41.999,-0.861
Ge1Rb1Cl3,1.747,53.117,-1.019
Ge1Rb1F3,4.010,121.611,-2.101
I3Ge1Rb1,1.241,50.134,-0.628
Mg1Br3Rb1,2.850,45.369,-1.371
Mg1Rb1Cl3,4.312,36.130,-1.633
Mg1Rb1F3,7.134,55.567,-2.941
I3Mg1Rb1,1.429,91.211,-1.020
Mn1Br3Rb1,1.869,0.000,-1.091
Mn1Rb1Cl3,2.768,0.000,-1.319
Mn1Rb1F3,2.964,657.702,-1.844
I3Mn1Rb1,0.923,0.000,-0.776
Ni1Br3Rb1,0.842,314.245,-0.412
Ni1Rb1Cl3,2.141,162.085,-0.743
Ni1Rb1F3,4.420,93.369,-1.883
I3Ni1Rb1,0.443,322.289,-0.239
Br3Sn1Rb1,1.254,55.328,-0.954
Sn1Rb1Cl3,1.485,57.319,-1.107
Sn1Rb1F3,3.434,99.132,-2.157
I3Sn1Rb1,1.051,72.485,-0.723
Sr1Br3Rb1,4.084,41.330,-1.760
Sr1Rb1Cl3,4.768,47.327,-1.977
Sr1Rb1F3,5.783,95.990,-3.078
I3Sr1Rb1,3.476,67.457,-1.433
Zn1Br3Rb1,0.854,139.205,-0.944
Zn1Rb1Cl3,1.970,117.966,-1.139
Zn1Rb1F3,3.801,105.440,-2.172
I3Zn1Rb1,0.176,172.631,-0.686
Pb1Br3Rb1,2.109,73.310,-1.028
Pb1Rb1Cl3,2.637,61.555,-1.190
Pb1Rb1F3,3.746,89.940,-2.176
Pb1I3Rb1,1.814,94.737,-0.787
Cs1Pb1I3,1.828,63.997,-0.853
H5C1Ba1Br3N2,3.528,101.550,-0.452
H5C1Cl3Ba1N2,3.961,113.235,-0.528
H5C1F3Ba1N2,4.431,209.956,-0.924
I3H5C1Ba1N2,2.994,90.044,-0.336
Be1C1N2Br3H5,4.056,78.308,-0.185
Be1C1N2Cl3H5,4.718,57.820,-0.302
Be1C1N2F3H5,5.149,113.228,-0.871
I3Be1C1N2H5,3.370,106.557,-0.047
H5Ca1C1Br3N2,3.857,97.338,-0.413
H5Ca1Cl3C1N2,4.366,107.471,-0.494
H5Ca1F3C1N2,4.837,172.827,-0.977
I3H5Ca1C1N2,3.130,95.743,-0.292
H5C1N2Br3Cd1,1.714,101.609,-0.117
H5C1N2Cl3Cd1,2.560,106.279,-0.173
H5C1N2F3Cd1,3.128,162.390,-0.552
I3H5C1N2Cd1,0.412,124.126,0.000
H5C1Co1Br3N2,2.075,23.357,-0.057
H5C1Cl3Co1N2,2.494,12.603,-0.133
H5C1F3Co1N2,0.535,1799.274,1.110
I3H5C1Co1N2,1.543,66.065,0.049
H5C1Br3Cu1N2,0.004,148.844,0.063
H5C1Cl3Cu1N2,0.004,125.851,-0.010
H5C1F3Cu1N2,0.559,252.064,-0.360
I3H5C1Cu1N2,0.105,154.824,0.130
H5C1Fe1Br3N2,2.518,36.037,-0.077
H5C1Cl3Fe1N2,3.133,31.312,-0.153
H5C1F3Fe1N2,4.032,346.404,-0.427
I3H5C1Fe1N2,2.448,41.128,0.023
H5Ge1C1Br3N2,2.202,68.195,-0.075
H5Ge1Cl3C1N2,2.809,59.713,-0.138
H5Ge1F3C1N2,4.078,81.065,-0.613
I3H5Ge1C1N2,1.616,79.207,0.017
H5Mg1Cl3C1N2,4.054,104.650,-0.362
H5Mg1Cl3C1N2,4.044,104.490,-0.362
H5Mg1F3C1N2,4.672,169.296,-0.882
I3H5Mg1C1N2,1.798,101.777,-0.141
H5C1Mn1Br3N2,2.308,47.845,-0.153
H5C1Mn1Cl3N2,3.047,39.533,-0.233
H5C1Mn1F3N2,3.121,160.525,-0.675
I3H5C1Mn1N2,1.402,51.698,-0.039
Ni1C1N2Br3H5,1.936,160.394,0.064
Ni1C1N2Cl3H5,2.422,142.735,-0.012
Ni1C1N2F3H5,3.880,208.245,-0.425
I3Ni1C1N2H5,1.328,186.518,0.169
H5C1Sn1Br3N2,1.411,88.041,-0.104
H5C1Cl3Sn1N2,1.843,93.552,-0.157
H5C1F3Sn1N2,3.544,129.123,-0.607
I3H5C1Sn1N2,1.128,82.490,-0.018
Sr1C1N2Br3H5,3.701,91.653,-0.444
Sr1C1N2Cl3H5,4.181,100.925,-0.523
Sr1C1N2F3H5,4.708,225.565,-0.927
I3Sr1C1N2H5,3.097,83.543,-0.321
H5Zn1C1Br3N2,3.522,92.290,-0.132
H5Zn1Cl3C1N2,3.938,80.128,-0.214
H5Zn1F3C1N2,3.683,167.433,-0.576
I3H5Zn1C1N2,2.942,96.694,-0.034
Pb1I3C1H5N2,1.814,96.607,-0.049
Pb1H5C1Br3N2,2.183,91.257,-0.139
Pb1H5C1N2Cl3,2.572,95.211,-0.196
Pb1H5C1N2F3,3.692,160.579,-0.605
Cs4I24K4Ca1Ba1,3.822,0.000,-2.086
Cs4I24K4Ba1Cd1,2.302,0.000,-1.603
Cs4I24K4Ba1Cu1,0.001,0.000,-1.691
Cs4I24K4Ge1Ba1,2.819,0.000,-1.833
Cs4I24K4Mg1Ba1,3.233,0.000,-1.820
Cs4Pb1K4I24Ba1,3.222,0.000,-1.890
Cs4I24K4Sn1Ba1,2.818,0.000,-1.865
Cs4Sr1K4I24Ba1,3.755,0.000,-2.090
Cs4I24K4Zn1Ba1,3.104,0.000,-1.641
Cs4I24Ca1Ba1Rb4,3.682,0.000,-2.080
Cs4I24Ba1Rb4Cd1,2.278,0.000,-1.593
Cs4I24Cu1Rb4Ba1,0.053,0.000,-1.685
Cs4I24Ge1Ba1Rb4,2.918,0.000,-1.820
Cs4I24Mg1Ba1Rb4,3.313,0.000,-1.812
Cs4Pb1I24Ba1Rb4,3.216,0.000,-1.907
Cs4I24Sn1Rb4Ba1,2.805,0.000,-1.884
Cs4Sr1I24Ba1Rb4,3.659,0.000,-2.082
Cs4I24Zn1Ba1Rb4,2.101,0.000,-1.576
I24K4Ca1Rb4Ba1,3.794,0.000,-2.065
I24K4Ba1Rb4Cd1,2.388,0.000,-1.577
I24K4Cu1Rb4Ba1,0.004,0.000,-1.630
I24K4Ge1Rb4Ba1,2.883,0.000,-1.808
I24K4Mg1Rb4Ba1,3.269,0.000,-1.794
Pb1I24K4Ba1Rb4,3.219,0.000,-1.870
I24K4Sn1Rb4Ba1,2.841,0.000,-1.845
I24Sr1K4Ba1Rb4,3.845,0.000,-2.076
I24K4Zn1Rb4Ba1,2.846,0.000,-1.610
Cs8Ca1Ba1Br12Cl12,4.509,0.000,-2.585
Cs8Cl12Ba1Br12Cd1,3.618,0.000,-2.055
Cs8Br12Ba1Cu1Cl12,0.019,0.000,-2.053
Cs8Ge1Ba1Br12Cl12,3.401,0.000,-2.252
Cs8Mg1Ba1Br12Cl12,4.431,0.000,-2.338
Cs8Pb1Ba1Br12Cl12,3.939,0.000,-2.338
Cs8Cl12Sn1Br12Ba1,3.238,0.000,-2.286
Cs8Sr1Ba1Br12Cl12,4.690,0.000,-2.600
Cs8Zn1Ba1Br12Cl12,3.628,0.000,-2.048
Cs8I12Ca1Ba1Br12,3.724,0.000,-2.276
Cs8I12Ba1Br12Cd1,2.598,0.000,-1.790
Cs8I12Br12Ba4Cu4,,233.000,-1.010
Cs8I12Ge1Ba1Br12,2.902,0.000,-1.994
Cs8I12Mg1Ba1Br12,3.451,0.000,-2.016
Cs8Pb1I12Ba1Br12,3.325,0.000,-2.082
Cs8I12Sn4Br12Ba4,1.918,102.360,-1.250
Cs8Sr1I12Ba1Br12,3.943,0.000,-2.304
Cs8I12Zn1Ba1Br12,2.374,0.000,-1.764
Cs8I12Ca4Ba4Cl12,3.622,91.982,-1.718
Cs8I12Cl12Ba1Cd1,2.671,0.000,-1.884
Cs8I12Ba1Cu1Cl12,0.005,0.000,-1.882
Cs8I12Ge1Ba1Cl12,3.007,0.000,-2.105
Cs8I12Mg1Ba1Cl12,3.606,0.000,-2.147
Cs8Pb1I12Ba1Cl12,3.498,0.000,-2.168
Cs8I12Cl12Sn1Ba1,3.020,0.000,-2.141
Cs8Sr1I12Ba1Cl12,3.963,0.000,-2.407
Cs8I12Zn1Ba1Cl12,3.183,0.000,-1.932
Cs4Be1K4I24Ba1,3.183,0.000,-1.837
Cs4Be1K4I24Ca1,,0.000,-1.788
Cs4Be1K4I24Cd1,2.520,0.000,-1.358
Cs4Be1K4I24Cu1,0.019,0.000,-1.434
Cs4Be1K4I24Ge1,2.566,0.000,-1.592
Cs4Be1K4I24Mg1,3.186,0.000,-1.549
Cs4Pb1K4I24Be1,2.900,0.000,-1.615
Cs4Be1K4I24Sn1,2.589,0.000,-1.610
Cs4Sr1K4I24Be1,3.563,0.000,-1.797
Cs4Be1K4I24Zn1,2.837,0.000,-1.393
Cs4Be1I24Ba1Rb4,3.191,0.000,-1.847
Cs4Be1Ca1I24Rb4,3.460,0.000,-1.783
Cs4Be1I24Rb4Cd1,2.802,0.000,-1.385
Cs4Be1I24Cu1Rb4,0.003,0.000,-1.449
Cs4Be1Ge1I24Rb4,2.594,0.000,-1.607
Cs4Be1Mg1I24Rb4,3.416,0.000,-1.572
Cs4Pb1I24Rb4Be1,2.896,0.000,-1.628
Cs4Be1I24Sn1Rb4,2.553,0.000,-1.620
Cs4Sr1I24Rb4Be1,3.786,0.000,-1.826
Cs4Be1Zn1I24Rb4,2.842,0.000,-1.397
I24Be1K4Ba1Rb4,3.143,0.000,-1.837
I24Be1K4Ca1Rb4,3.616,0.000,-1.772
I24Be1K4Rb4Cd1,2.665,0.000,-1.338
I24Be1K4Cu1Rb4,0.000,0.000,-1.403
I24Be1K4Ge1Rb4,2.632,0.000,-1.573
I24Be1K4Mg1Rb4,3.159,0.000,-1.527
Pb1Be1K4I24Rb4,2.843,0.000,-1.602
I24Be1K4Sn1Rb4,2.501,0.000,-1.592
I24Sr1K4Rb4Be1,3.752,0.000,-1.799
I24Be1K4Zn1Rb4,2.452,0.000,-1.381
Cs8Be1Ba1Br12Cl12,4.434,0.000,-2.298
Cs8Be1Ca1Br12Cl12,4.023,0.000,-2.298
Cs8Be1Cl12Br12Cd1,3.502,0.000,-1.836
Cs8Be1Br12Cu1Cl12,0.041,0.000,-1.886
Cs8Be4Ge4Br12Cl12,2.082,18.479,-1.150
Cs8Be1Mg1Br12Cl12,4.422,0.000,-2.092
Cs8Pb1Cl12Br12Be1,3.426,0.000,-2.107
Cs8Be1Sn1Br12Cl12,3.013,0.000,-2.098
Cs8Sr4Cl12Br12Be4,3.862,39.386,-1.588
Cs8Be1Zn1Br12Cl12,4.152,0.000,-1.912
Cs8Be4I12Ba4Br12,3.437,49.330,-1.329
Cs8Be1Ca1I12Br12,3.441,0.000,-1.997
Cs8Be1I12Br12Cd1,2.547,0.000,-1.532
Cs8Be1I12Br12Cu1,0.001,0.000,-1.578
Cs8Be4Ge4I12Br12,2.154,47.546,-0.886
Cs8Be4Mg4I12Br12,2.168,84.071,-1.084
Cs8Pb1I12Br12Be1,2.879,0.000,-1.816
Cs8Be1I12Sn1Br12,2.540,0.000,-1.801
Cs8Sr1I12Br12Be1,3.664,0.000,-2.000
Cs8Be1Zn1I12Br12,3.102,0.000,-1.571
Cs8Be1I12Ba1Cl12,3.441,0.000,-2.164
Cs8Be1Ca1I12Cl12,3.417,0.000,-2.127
Cs8Be1Cl12I12Cd1,2.363,0.000,-1.644
Cs8Be1I12Cu1Cl12,0.046,0.000,-1.759
Cs8Be1Ge1I12Cl12,2.728,0.000,-1.899
Cs8Be1Mg1I12Cl12,4.008,0.000,-1.890
Cs8Pb4Cl12I12Be4,2.019,117.894,-1.037
Cs8Be4I12Sn4Cl12,0.001,376.923,-0.735
Cs8Sr1Cl12I12Be1,3.300,0.000,-2.125
Cs8Be4Zn4I12Cl12,1.855,155.613,-0.988
Cs4I24K4Ca1Cd1,2.094,0.000,-1.562
Cs4I24K4Ca1Cu1,0.060,0.000,-1.624
Cs4I24K4Ca1Ge1,2.610,0.000,-1.773
Cs4I24K4Ca1Mg1,2.792,0.000,-1.761
Cs4Pb1K4I24Ca1,2.890,0.000,-1.828
Cs4I24K4Ca1Sn1,2.658,0.000,-1.806
Cs4Sr1K4I24Ca1,3.697,0.000,-2.030
Cs4I24K4Ca1Zn1,2.488,0.000,-1.582
Cs4I24Ca1Rb4Cd1,1.761,0.000,-1.561
Cs4I24Ca1Cu1Rb4,0.007,0.000,-1.612
Cs4I24Ge1Ca1Rb4,2.603,0.000,-1.797
Cs4I24Mg1Ca1Rb4,2.778,0.000,-1.785
Cs4Pb1Ca1I24Rb4,2.966,0.000,-1.844
Cs4I24Ca1Sn1Rb4,2.667,0.000,-1.826
Cs4Sr1Ca1I24Rb4,3.722,0.000,-2.049
Cs4I24Zn1Ca1Rb4,1.487,0.000,-1.545
I24K4Ca1Rb4Cd1,1.729,0.000,-1.509
I24K4Ca1Cu1Rb4,0.004,0.000,-1.601
I24K4Ca1Ge1Rb4,2.579,0.000,-1.744
I24K4Ca1Mg1Rb4,2.795,0.000,-1.732
Pb1I24K4Ca1Rb4,2.925,0.000,-1.793
I24K4Ca1Sn1Rb4,2.652,0.000,-1.774
I24Sr1K4Ca1Rb4,3.793,0.000,-2.026
I24K4Ca1Zn1Rb4,2.785,0.000,-1.575
Cs8Ca4Cl12Br12Cd4,2.257,48.683,-1.499
Cs8Ca1Br12Cu1Cl12,0.004,0.000,-2.048
Cs8Ge1Ca1Br12Cl12,3.409,0.000,-2.258
Cs8Mg1Ca1Br12Cl12,4.430,0.000,-2.337
Cs8Pb1Ca1Br12Cl12,3.891,0.000,-2.314
Cs8Ca1Sn1Br12Cl12,3.246,0.000,-2.289
Cs8Sr1Ca1Br12Cl12,4.641,0.000,-2.580
Cs8Zn1Ca1Br12Cl12,3.054,0.000,-2.041
Cs8I12Ca1Br12Cd1,1.928,0.000,-1.748
Cs8I12Ca1Br12Cu1,0.002,0.000,-1.793
Cs8I12Ge1Ca1Br12,2.717,0.000,-1.977
Cs8I12Mg1Ca1Br12,3.010,0.000,-1.993
Cs8Pb1Ca1I12Br12,3.098,0.000,-2.029
Cs8I12Ca1Sn1Br12,2.732,0.000,-2.007
Cs8Sr1Ca1I12Br12,3.771,0.000,-2.254
Cs8I12Zn1Ca1Br12,2.516,0.000,-1.780
Cs8I12Ca1Cl12Cd1,1.932,0.000,-1.840
Cs8I12Ca1Cu1Cl12,0.003,0.000,-1.876
Cs8I12Ge1Ca1Cl12,2.813,0.000,-2.080
Cs8I12Mg1Ca1Cl12,3.061,0.000,-2.105
Cs8Pb1Ca1I12Cl12,3.139,0.000,-2.137
Cs8I12Ca1Sn1Cl12,2.889,0.000,-2.112
Cs8Sr1Ca1I12Cl12,3.875,0.000,-2.377
Cs8I12Zn1Ca1Cl12,2.698,0.000,-1.892
Cs4I24K4Cu1Cd1,0.021,0.000,-1.150
Cs4I24K4Ge1Cd1,2.068,0.000,-1.349
Cs4I24K4Mg1Cd1,1.246,0.000,-1.292
Cs4Pb1K4I24Cd1,1.615,0.000,-1.321
Cs4I24K4Sn1Cd1,1.304,0.000,-1.367
Cs4Sr1K4I24Cd1,1.970,0.000,-1.540
Cs4I24K4Zn1Cd1,2.308,0.000,-1.165
Cs4I24Cu1Rb4Cd1,0.030,0.000,-1.104
Cs4I24Ge1Rb4Cd1,2.120,0.000,-1.366
Cs4I24Mg1Rb4Cd1,0.662,0.000,-1.295
Cs4Pb1I24Rb4Cd1,1.411,0.000,-1.374
Cs4I24Sn1Rb4Cd1,0.920,0.000,-1.363
Cs4Sr1I24Rb4Cd1,1.982,0.000,-1.529
Cs4I24Zn1Rb4Cd1,2.294,0.000,-1.132
I24K4Cu1Rb4Cd1,-0.002,0.000,-1.070
I24K4Ge1Rb4Cd1,1.330,0.000,-1.276
I24K4Mg1Rb4Cd1,1.375,0.000,-1.247
Pb1I24K4Rb4Cd1,1.679,0.000,-1.290
I24K4Sn1Rb4Cd1,1.274,0.000,-1.288
I24Sr1K4Rb4Cd1,2.332,0.000,-1.506
I24K4Zn1Rb4Cd1,2.201,0.000,-1.072
Cs8Cl12Br12Cu4Cd4,0.062,105.134,-0.879
Cs8Ge1Cl12Br12Cd1,1.748,0.000,-1.706
Cs8Mg1Cl12Br12Cd1,2.043,0.000,-1.757
Cs8Pb1Cl12Br12Cd1,2.253,0.000,-1.740
Cs8Cl12Sn1Br12Cd1,1.644,0.000,-1.720
Cs8Sr4Cl12Br12Cd4,3.120,69.723,-1.499
Cs8Zn1Cl12Br12Cd1,3.132,0.000,-1.514
Cs8I12Br12Cu1Cd1,-0.014,0.000,-1.250
Cs8I12Ge1Br12Cd1,1.194,0.000,-1.471
Cs8I12Mg1Br12Cd1,0.871,0.000,-1.462
Cs8Pb1I12Br12Cd1,1.599,0.000,-1.502
Cs8I12Sn4Br12Cd4,0.268,67.217,-0.892
Cs8Sr1I12Br12Cd1,2.308,0.000,-1.733
Cs8I12Zn1Br12Cd1,2.541,0.000,-1.302
Cs8I12Cl12Cu1Cd1,0.010,0.000,-1.311
Cs8I12Ge1Cl12Cd1,2.222,0.000,-1.568
Cs8I12Mg1Cl12Cd1,2.162,0.000,-1.587
Cs8Pb1Cl12I12Cd1,1.674,0.000,-1.577
Cs8I12Cl12Sn1Cd1,1.357,0.000,-1.563
Cs8Sr1Cl12I12Cd1,2.282,0.000,-1.827
Cs8I12Zn1Cl12Cd1,1.905,0.000,-1.352
Cs4I24K4Ge1Cu1,0.018,0.000,-1.442
Cs4I24K4Mg1Cu1,0.004,0.000,-1.375
Cs4Pb1K4I24Cu1,0.020,0.000,-1.464
Cs4I24K4Sn1Cu1,0.153,0.000,-1.468
Cs4Sr1K4I24Cu1,0.003,0.000,-1.667
Cs4I24K4Zn1Cu1,0.001,0.000,-1.222
Cs4I24Ge1Cu1Rb4,0.008,0.000,-1.453
Cs4I24Mg1Cu1Rb4,0.043,0.000,-1.384
Cs4Pb1I24Cu1Rb4,0.186,0.000,-1.464
Cs4I24Cu1Sn1Rb4,0.010,0.000,-1.493
Cs4Sr1I24Cu1Rb4,0.015,0.000,-1.631
Cs4I24Zn1Cu1Rb4,0.009,0.000,-1.255
I24K4Cu1Ge1Rb4,0.036,0.000,-1.416
I24K4Cu1Mg1Rb4,0.062,0.000,-1.333
Pb1I24K4Cu1Rb4,0.030,0.000,-1.438
I24K4Cu1Sn1Rb4,0.050,0.000,-1.454
I24Sr1K4Cu1Rb4,0.008,0.000,-1.654
I24K4Cu1Zn1Rb4,0.094,0.000,-1.227
Cs8Ge1Br12Cu1Cl12,0.129,0.000,-1.816
Cs8Mg1Br12Cu1Cl12,0.047,0.000,-1.831
Cs8Pb1Br12Cu1Cl12,0.061,0.000,-1.836
Cs8Br12Sn1Cu1Cl12,0.198,0.000,-1.866
Cs8Sr1Br12Cu1Cl12,0.053,0.000,-2.059
Cs8Zn1Br12Cu1Cl12,0.035,0.000,-1.520
Cs8I12Ge1Br12Cu1,0.003,0.000,-1.578
Cs8I12Mg1Br12Cu1,0.004,0.000,-1.537
Cs8Pb1I12Br12Cu1,0.153,0.000,-1.608
Cs8I12Br12Sn1Cu1,0.124,0.000,-1.635
Cs8Sr4I12Br12Cu4,0.004,203.312,-1.019
Cs8I12Zn1Br12Cu1,0.006,0.000,-1.308
Cs8I12Ge1Cu1Cl12,0.020,0.000,-1.694
Cs8I12Mg1Cu1Cl12,0.004,0.000,-1.643
Cs8Pb1I12Cu1Cl12,0.037,0.000,-1.663
Cs8I12Sn1Cu1Cl12,0.004,0.000,-1.711
Cs8Sr1I12Cu1Cl12,,,
Cs8I12Zn1Cu1Cl12,0.009,0.000,-1.455
Cs4I24K4Ge1Mg1,2.032,0.000,-1.540
Cs4Pb1K4I24Ge1,1.536,0.000,-1.596
Cs4I24K4Ge1Sn1,1.210,0.000,-1.590
Cs4Sr1K4I24Ge1,2.746,0.000,-1.774
Cs4I24K4Ge1Zn1,2.318,0.000,-1.394
Cs4I24Mg1Ge1Rb4,1.944,0.000,-1.553
Cs4Pb1Ge1I24Rb4,1.576,0.000,-1.621
Cs4I24Ge1Sn1Rb4,1.222,0.000,-1.615
Cs4Sr1Ge1I24Rb4,2.804,0.000,-1.792
Cs4I24Zn1Ge1Rb4,2.321,0.000,-1.409
I24K4Ge1Mg1Rb4,2.069,0.000,-1.516
Pb1I24K4Ge1Rb4,1.688,0.000,-1.591
I24K4Ge1Sn1Rb4,1.234,0.000,-1.564
I24Sr1K4Ge1Rb4,2.796,0.000,-1.774
I24K4Ge1Zn1Rb4,2.357,0.000,-1.377
Cs8Mg1Ge1Br12Cl12,2.802,0.000,-2.004
Cs8Pb1Ge1Br12Cl12,2.018,0.000,-2.008
Cs8Ge1Sn1Br12Cl12,1.670,0.000,-1.999
Cs8Sr1Ge1Br12Cl12,3.441,0.000,-2.243
Cs8Zn1Ge1Br12Cl12,2.942,0.000,-1.794
Cs8I12Mg1Ge1Br12,2.620,0.000,-1.744
Cs8Pb1Ge1I12Br12,1.688,0.000,-1.780
Cs8I12Ge1Sn1Br12,1.353,0.000,-1.774
Cs8Sr1Ge1I12Br12,2.861,0.000,-1.970
Cs8I12Zn4Ge4Br12,2.022,45.602,-0.854
Cs8I12Mg1Ge1Cl12,2.813,0.000,-1.852
Cs8Pb1Ge1I12Cl12,1.852,0.000,-1.860
Cs8I12Ge1Sn1Cl12,,,
Cs8Sr1Ge1I12Cl12,2.932,0.000,-2.062
Cs8I12Zn1Ge1Cl12,2.596,0.000,-1.641
Cs4Pb1K4I24Mg1,2.071,0.000,-1.566
Cs4I24K4Mg1Sn1,1.770,0.000,-1.545
Cs4Sr1K4I24Mg1,3.023,0.000,-1.758
Cs4I24K4Mg1Zn1,2.532,0.000,-1.360
Cs4Pb1Mg1I24Rb4,2.084,0.000,-1.587
Cs4I24Mg1Sn1Rb4,1.781,0.000,-1.569
Cs4Sr1Mg1I24Rb4,3.019,0.000,-1.784
Cs4I24Zn1Mg1Rb4,2.437,0.000,-1.369
Pb1I24K4Mg1Rb4,2.433,0.000,-1.568
Mg1I24K4Sn1Rb4,1.992,0.000,-1.544
I24Sr1K4Mg1Rb4,3.325,0.000,-1.762
Mg1I24K4Zn1Rb4,2.510,0.000,-1.342
Cs8Pb1Mg1Br12Cl12,3.314,0.000,-2.064
Cs8Mg1Sn1Br12Cl12,2.695,0.000,-2.039
Cs8Sr1Mg1Br12Cl12,4.445,0.000,-2.327
Cs8Zn1Mg1Br12Cl12,3.816,0.000,-1.842
Cs8Pb1Mg1I12Br12,2.328,0.000,-1.784
Cs8I12Mg1Sn1Br12,1.976,0.000,-1.755
Cs8Sr1Mg1I12Br12,3.234,0.000,-1.992
Cs8I12Zn4Mg4Br12,2.831,69.793,-1.098
Cs8Pb1Mg1I12Cl12,2.736,0.000,-1.892
Cs8I12Mg1Sn1Cl12,2.671,0.000,-1.879
Cs8Sr4Mg4I12Cl12,2.752,83.529,-1.539
Cs8I12Zn1Mg1Cl12,3.306,0.000,-1.686
Cs4Pb1K4I24Sn1,1.483,0.000,-1.630
Cs4Sr1K4I24Pb1,3.031,0.000,-1.829
Cs4Pb1K4I24Zn1,2.630,0.000,-1.426
Cs4Pb1I24Sn1Rb4,1.462,0.000,-1.649
Cs4Sr1Pb1I24Rb4,3.076,0.000,-1.845
Cs4Pb1Zn1I24Rb4,2.551,0.000,-1.439
Pb1I24K4Sn1Rb4,1.511,0.000,-1.600
Pb1Sr1K4I24Rb4,3.123,0.000,-1.828
Pb1I24K4Zn1Rb4,2.686,0.000,-1.413
Cs8Pb1Sn1Br12Cl12,1.786,0.000,-2.032
Cs8Sr1Pb1Br12Cl12,3.927,0.000,-2.297
Cs8Pb1Zn1Br12Cl12,3.252,0.000,-1.819
Cs8Pb1I12Sn1Br12,1.492,0.000,-1.804
Cs8Sr1Pb1I12Br12,3.175,0.000,-2.024
Cs8Pb1Zn1I12Br12,2.603,0.000,-1.584
Cs8Pb1I12Sn1Cl12,1.902,0.000,-1.893
Cs8Sr1Pb1I12Cl12,,,
Cs8Pb4Zn4I12Cl12,2.442,88.620,-1.025
Cs4Sr1K4I24Sn1,2.774,0.000,-1.829
Cs4I24K4Zn1Sn1,2.249,0.000,-1.417
Cs4Sr1I24Sn1Rb4,2.715,0.000,-1.823
Cs4I24Zn1Sn1Rb4,2.238,0.000,-1.431
I24Sr1K4Sn1Rb4,2.768,0.000,-1.807
I24K4Zn1Rb4Sn1,2.263,0.000,-1.397
Cs8Sr1Sn1Br12Cl12,3.286,0.000,-2.271
Cs8Zn1Sn1Br12Cl12,2.769,0.000,-1.809
Cs8Sr4I12Sn4Br12,1.598,61.047,-1.271
Cs8I12Zn1Sn1Br12,2.251,0.000,-1.575
Cs8Sr1I12Sn1Cl12,2.894,0.000,-2.107
Cs8I12Zn1Sn1Cl12,2.437,0.000,-1.666
Cs4Sr1K4I24Zn1,2.921,0.000,-1.591
Cs4Sr1Zn1I24Rb4,1.740,0.000,-1.544
I24Sr1K4Zn1Rb4,2.540,0.000,-1.550
Cs8Sr1Zn1Br12Cl12,3.307,0.000,-2.033
Cs8Sr1Zn1I12Br12,2.679,0.000,-1.780
Cs8Sr1Zn1I12Cl12,2.974,0.000,-1.886
Cs4I24K4Zn8,2.413,26.613,-0.822
Cs4I24Zn8Rb4,2.423,28.567,-0.832
I24K4Zn8Rb4,2.471,35.335,-0.811
Cs8Zn8Br12Cl12,3.709,0.838,-1.192
Cs8I12Zn8Br12,2.768,3.359,-0.967
Cs8I12Zn8Cl12,3.066,47.508,-1.044
C7H42N7Br24Cs1Cu8,0.026,89.641,-0.022
C7Cl24H42N7Cs1Cu8,0.085,86.309,-0.080
C7I24H42N7Cs1Cu8,0.007,101.369,0.047
C7H42N7Fe8Br24Cs1,3.403,0.000,-0.152
C7Cl24H42N7Fe8Cs1,3.605,0.000,-0.237
C7I24H42N7Fe8Cs1,1.520,35.058,-0.015
C7H42N7Ge8Br24Cs1,1.891,68.097,-0.118
C7Cl24H42N7Ge8Cs1,2.836,48.727,-0.197
C7I24H42N7Ge8Cs1,1.500,80.213,-0.019
C7H42Mn8N7Br24Cs1,2.096,35.910,-0.213
C7Cl24H42Mn8N7Cs1,2.951,26.839,-0.301
C7I24H42Mn8N7Cs1,1.179,39.723,-0.090
C7H42N7Sn8Br24Cs1,1.497,58.790,-0.181
C7Cl24H42N7Sn8Cs1,1.988,57.261,-0.247
C7I24H42N7Sn8Cs1,1.145,60.565,-0.081
C6H36N6Br24Cs2Cu8,0.011,111.072,-0.044
C6Cl24H36N6Cs2Cu8,0.001,84.197,-0.131
C6I24H36N6Cs2Cu8,0.075,100.874,0.008
C6H36N6Fe8Br24Cs2,2.201,0.634,-0.189
C6Cl24H36N6Fe8Cs2,3.310,0.496,-0.288
C6I24H36N6Fe8Cs2,1.121,35.462,-0.057
C6H36N6Ge8Br24Cs2,2.079,62.499,-0.176
C6Cl24H36N6Ge8Cs2,2.819,50.704,-0.254
C6I24H36N6Ge8Cs2,1.529,76.783,-0.065
C6H36Mn8N6Br24Cs2,2.121,27.586,-0.278
C6Cl24H36Mn8N6Cs2,2.932,18.841,-0.373
C6I24H36Mn8N6Cs2,1.242,31.993,-0.143
C6H36N6Sn8Br24Cs2,1.466,55.211,-0.241
C6Cl24H36N6Sn8Cs2,2.021,51.898,-0.315
C6I24H36N6Sn8Cs2,1.167,56.985,-0.132
C4H24N4Br24Cs4Cu8,0.044,107.114,-0.163
C4Cl24H24N4Cs4Cu8,0.029,70.189,-0.273
C4I24H24N4Cs4Cu8,0.004,128.897,-0.066
C4H24N4Fe8Br24Cs4,2.078,0.000,-0.339
C4Cl24H24N4Fe8Cs4,3.135,0.000,-0.458
C4I24H24N4Fe8Cs4,2.331,0.000,-0.206
C4H24N4Ge8Br24Cs4,1.840,57.280,-0.318
C4Cl24H24N4Ge8Cs4,2.288,50.025,-0.411
C4I24H24N4Ge8Cs4,1.485,66.603,-0.187
C4H24Mn8N4Br24Cs4,2.016,7.206,-0.447
C4Cl24H24Mn8N4Cs4,2.874,0.000,-0.565
C4I24H24Mn8N4Cs4,0.968,18.855,-0.276
C4H24N4Sn8Br24Cs4,1.434,45.692,-0.398
C4Cl24H24N4Sn8Cs4,1.924,46.239,-0.486
C4I24H24N4Sn8Cs4,1.121,48.334,-0.266
C7Br24H42N7Rb1Cu8,0.002,89.911,-0.019
C7Cl24H42N7Rb1Cu8,0.001,82.713,-0.082
C7I24H42N7Rb1Cu8,0.070,103.509,0.051
C7Br24H42N7Fe8Rb1,2.974,1.159,-0.143
C7Cl24H42N7Fe8Rb1,2.377,1.860,-0.226
C7I24H42N7Fe8Rb1,1.047,36.822,-0.008
C7Br24H42N7Ge8Rb1,2.134,66.524,-0.117
C7Cl24H42N7Ge8Rb1,2.824,53.632,-0.191
C7I24H42N7Ge8Rb1,1.509,81.283,-0.016
C7Br24H42Mn8N7Rb1,2.138,35.194,-0.211
C7Cl24H42Mn8N7Rb1,2.983,25.546,-0.300
C7I24H42Mn8N7Rb1,1.209,39.889,-0.087
C7Br24H42N7Sn8Rb1,1.491,59.775,-0.178
C7Cl24H42N7Sn8Rb1,1.993,55.073,-0.246
C7I24H42N7Sn8Rb1,1.180,61.374,-0.078
C6Br24H36N6Rb2Cu8,0.002,74.179,-0.076
C6Cl24H36N6Rb2Cu8,0.010,82.410,-0.130
C6I24H36N6Rb2Cu8,0.077,102.716,0.013
C6Br24H36N6Fe8Rb2,2.205,2.867,-0.185
C6Cl24H36N6Fe8Rb2,3.526,0.000,-0.303
C6I24H36N6Fe8Rb2,1.105,28.856,-0.052
C6Br24H36N6Ge8Rb2,2.076,64.297,-0.170
C6Cl24H36N6Ge8Rb2,2.786,53.655,-0.248
C6I24H36N6Ge8Rb2,1.522,78.560,-0.059
C6Br24H36Mn8N6Rb2,2.150,26.673,-0.274
C6Cl24H36Mn8N6Rb2,2.969,15.556,-0.371
C6I24H36Mn8N6Rb2,1.256,31.655,-0.139
C6Br24H36N6Sn8Rb2,1.449,57.870,-0.234
C6Cl24H36N6Sn8Rb2,2.070,54.385,-0.307
C6I24H36N6Sn8Rb2,1.165,59.689,-0.125
C4Br24H24N4Rb4Cu8,0.079,100.411,-0.156
C4Cl24H24N4Rb4Cu8,0.006,108.708,-0.229
C4I24H24N4Rb4Cu8,0.004,131.546,-0.054
C4Br24H24N4Fe8Rb4,2.093,0.000,-0.329
C4Cl24H24N4Fe8Rb4,3.133,0.000,-0.449
C4I24H24N4Fe8Rb4,2.353,0.000,-0.193
C4Br24H24N4Ge8Rb4,1.812,62.557,-0.302
C4Cl24H24N4Ge8Rb4,2.272,57.372,-0.396
C4I24H24N4Ge8Rb4,1.452,72.283,-0.171
C4Br24H24Mn8N4Rb4,1.873,10.330,-0.431
C4Cl24H24Mn8N4Rb4,2.957,0.000,-0.557
C4I24H24Mn8N4Rb4,1.499,9.862,-0.273
C4Br24H24N4Sn8Rb4,1.368,52.438,-0.382
C4Cl24H24N4Sn8Rb4,1.978,48.230,-0.471
C4I24H24N4Sn8Rb4,1.121,54.939,-0.250
C7H35N14Br24Cs1Cu8,0.011,100.707,-0.022
C7Cl24H35N14Cs1Cu8,0.010,96.334,-0.082
C7I24H35N14Cs1Cu8,0.013,118.418,0.061
C7H35N14Fe8Br24Cs1,2.504,15.048,-0.136
C7Cl24H35N14Fe8Cs1,3.538,0.000,-0.253
C7I24H35N14Fe8Cs1,2.049,30.727,-0.024
C7H35N14Ge8Br24Cs1,1.993,73.613,-0.114
C7Cl24H35N14Ge8Cs1,2.639,63.591,-0.185
C7I24H35N14Ge8Cs1,1.637,79.488,-0.020
C7H35Mn8N14Br24Cs1,2.262,36.607,-0.212
C7Cl24H35Mn8N14Cs1,2.991,32.096,-0.296
C7I24H35Mn8N14Cs1,0.652,64.760,-0.065
C7H35N14Sn8Br24Cs1,1.628,65.710,-0.174
C7Cl24H35N14Sn8Cs1,2.015,69.248,-0.235
C7I24H35N14Sn8Cs1,1.231,61.856,-0.079
C6H30N12Br24Cs2Cu8,0.001,97.253,-0.069
C6Cl24H30N12Cs2Cu8,0.005,104.722,-0.122
C6I24H30N12Cs2Cu8,0.030,118.226,0.022
C6H30N12Fe8Br24Cs2,3.041,0.000,-0.210
C6Cl24H30N12Fe8Cs2,3.553,0.000,-0.305
C6I24H30N12Fe8Cs2,2.641,4.264,-0.092
C6H30N12Ge8Br24Cs2,2.127,67.106,-0.173
C6Cl24H30N12Ge8Cs2,2.772,58.930,-0.249
C6I24H30N12Ge8Cs2,1.620,74.286,-0.068
C6H30Mn8N12Br24Cs2,2.174,31.540,-0.274
C6Cl24H30Mn8N12Cs2,2.961,23.069,-0.369
C6I24H30Mn8N12Cs2,1.320,30.387,-0.145
C6H30N12Sn8Br24Cs2,1.663,59.498,-0.237
C6Cl24H30N12Sn8Cs2,2.099,60.672,-0.307
C6I24H30N12Sn8Cs2,1.261,56.475,-0.133
C4H20N8Br24Cs4Cu8,0.005,109.203,-0.169
C4Cl24H20N8Cs4Cu8,0.001,99.904,-0.253
C4I24H20N8Cs4Cu8,0.003,106.656,-0.090
C4H20N8Fe8Br24Cs4,3.239,0.000,-0.373
C4Cl24H20N8Fe8Cs4,3.702,0.000,-0.488
C4I24H20N8Fe8Cs4,1.308,35.429,-0.171
C4H20N8Ge8Br24Cs4,2.095,60.091,-0.317
C4Cl24H20N8Ge8Cs4,2.716,55.272,-0.407
C4I24H20N8Ge8Cs4,1.555,66.222,-0.188
C4H20Mn8N8Br24Cs4,2.139,7.877,-0.446
C4Cl24H20Mn8N8Cs4,2.916,0.317,-0.559
C4I24H20Mn8N8Cs4,1.255,10.120,-0.285
C4H20N8Sn8Br24Cs4,1.433,50.740,-0.393
C4Cl24H20N8Sn8Cs4,1.831,56.343,-0.476
C4I24H20N8Sn8Cs4,1.092,49.524,-0.265
C7Br24H35N14Rb1Cu8,0.011,106.526,-0.015
C7Cl24H35N14Rb1Cu8,0.010,93.793,-0.083
C7I24H35N14Rb1Cu8,0.068,117.037,0.061
C7Br24H35N14Fe8Rb1,3.200,0.000,-0.163
C7Cl24H35N14Fe8Rb1,3.277,0.321,-0.232
C7I24H35N14Fe8Rb1,2.633,7.195,-0.042
C7Br24H35N14Ge8Rb1,2.070,71.214,-0.114
C7Cl24H35N14Ge8Rb1,2.729,62.573,-0.184
C7I24H35N14Ge8Rb1,1.635,80.252,-0.017
C7Br24H35Mn8N14Rb1,2.256,39.559,-0.207
C7Cl24H35Mn8N14Rb1,3.000,31.305,-0.294
C7I24H35Mn8N14Rb1,1.402,34.249,-0.093
C7Br24H35N14Sn8Rb1,1.633,66.913,-0.171
C7Cl24H35N14Sn8Rb1,2.267,63.272,-0.238
C7I24H35N14Sn8Rb1,1.222,63.712,-0.076
C6Br24H30N12Rb2Cu8,0.000,93.008,-0.068
C6Cl24H30N12Rb2Cu8,0.005,91.412,-0.132
C6I24H30N12Rb2Cu8,0.004,121.437,0.029
C6Br24H30N12Fe8Rb2,3.011,0.000,-0.202
C6Cl24H30N12Fe8Rb2,3.527,0.000,-0.301
C6I24H30N12Fe8Rb2,2.566,0.000,-0.086
C6Br24H30N12Ge8Rb2,2.101,69.701,-0.166
C6Cl24H30N12Ge8Rb2,2.728,62.518,-0.242
C6I24H30N12Ge8Rb2,1.605,76.859,-0.061
C6Br24H30Mn8N12Rb2,2.200,31.306,-0.269
C6Cl24H30Mn8N12Rb2,2.961,11.876,-0.375
C6I24H30Mn8N12Rb2,1.287,32.780,-0.138
C6Br24H30N12Sn8Rb2,1.435,66.458,-0.226
C6Cl24H30N12Sn8Rb2,2.254,58.337,-0.303
C6I24H30N12Sn8Rb2,1.315,58.937,-0.126
C4Br24H20N8Rb4Cu8,0.001,94.548,-0.171
C4Cl24H20N8Rb4Cu8,0.365,88.771,-0.258
C4I24H20N8Rb4Cu8,0.001,100.541,-0.087
C4Br24H20N8Fe8Rb4,2.863,0.000,-0.337
C4Cl24H20N8Fe8Rb4,3.571,0.000,-0.464
C4I24H20N8Fe8Rb4,2.539,0.000,-0.209
C4Br24H20N8Ge8Rb4,2.074,65.604,-0.301
C4Cl24H20N8Ge8Rb4,2.693,60.933,-0.394
C4I24H20N8Ge8Rb4,1.526,72.535,-0.171
C4Br24H20Mn8N8Rb4,2.148,9.983,-0.431
C4Cl24H20Mn8N8Rb4,2.949,0.000,-0.548
C4I24H20Mn8N8Rb4,1.229,15.557,-0.268
C4Br24H20N8Sn8Rb4,1.441,56.187,-0.378
C4Cl24H20N8Sn8Rb4,2.279,47.167,-0.472
C4I24H20N8Sn8Rb4,1.123,55.199,-0.250
